Litter,Tags,Lat,Long,Country,Date
13024642,paper; tissue,51.5500225,5.0517615,NL,28/05/2021
13024641,plastic,51.5511868,5.0505837,NL,28/05/2021
13024640,plastic,51.5479441,5.0539321,NL,28/05/2021
13024639,plastic; paper,51.5499858,5.0516345,NL,28/05/2021
13024638,plastic,51.5512003,5.0504351,NL,28/05/2021
13024637,paper,51.549953,5.0516879,NL,28/05/2021
13024636,plastic,51.5518436,5.0503321,NL,28/05/2021
12999213,plastic,51.5434197,5.0489743,NL,26/05/2021
12999211,haribo; candy; plastic,51.5431615,5.0493286,NL,26/05/2021
12999210,plastic; candy,51.5451839,5.0519261,NL,26/05/2021
12999209,can; energydrink; redbull; aluminum,51.5492394,5.053069,NL,26/05/2021
12999202,can; aluminum,51.5440931,5.0501221,NL,26/05/2021
12999015,beer; bottle; glass; jupiler,51.5420879351436,5.04766186285666,NL,26/05/2021
12999014,packaging; cheesestickwrapper; plastic,51.5421374272008,5.04713335463833,NL,26/05/2021
12999013,can; aluminum; energydrink,51.5418052265764,5.04742099439139,NL,26/05/2021
12999012,beer; can; aluminum,51.541963209245,5.04738030277133,NL,26/05/2021
12999011,beer; aluminum; can; bavaria,51.5420661407923,5.04694564515698,NL,26/05/2021
12999010,fastfood; cup; plastic,51.5421249593099,5.04664803985972,NL,26/05/2021
12999009,packaging; food; plastic,51.5414267181722,5.04627903261788,NL,26/05/2021
12999008,can; beer; aluminum; dommelsch,51.5413642776769,5.04617196919316,NL,26/05/2021
12999007,beer; can; aluminum; dommelsch,51.5413642776769,5.04617196919316,NL,26/05/2021
12999006,beer; can; aluminum; dommelsch,51.5413642776769,5.04617196919316,NL,26/05/2021
12999004,can; aluminum; beer; jupiler,51.5418370253134,5.0451742623198,NL,26/05/2021
12999000,aluminum; beer; can,51.541384530327,5.04591969482128,NL,26/05/2021
12998998,plastic; piece,51.5416095570618,5.04569923141493,NL,26/05/2021
12998994,beer; can; aluminum; bavaria,51.5413125604834,5.04602201702339,NL,26/05/2021
12998992,beer; bottle; glass; jupiler,51.541648649547,5.04557863367837,NL,26/05/2021
12998991,bottle; glass; johnny walker; whiskey,51.5412027847061,5.04614511846648,NL,26/05/2021
12998989,beer; can; aluminum; dommelsch,51.5412469380313,5.04606282749179,NL,26/05/2021
12998988,beer; can; aluminum; dommelsch,51.5413387020366,5.04596183226131,NL,26/05/2021
12998986,aluminum; beer; can; bavaria,51.54152406626,5.04584808756854,NL,26/05/2021
12998985,plastic; drink; bottle,51.5415876856221,5.04568321524311,NL,26/05/2021
12998984,beer; can; aluminum; bavaria,51.5416239611046,5.04562409269308,NL,26/05/2021
12998983,can; beer; aluminum; bavaria,51.5415783822749,5.04576123956462,NL,26/05/2021
12998982,can; beer; aluminum; bavaria,51.5414895912956,5.04601616769113,NL,26/05/2021
12998981,beer; can,51.5415150852527,5.04599791841941,NL,26/05/2021
12998980,plastic; wrapper,51.5413517545159,5.04610961582416,NL,26/05/2021
12998979,cup; plastic; soda,51.5413234320655,5.04613899721331,NL,26/05/2021
12998978,can; aluminum; energydrink; redbull,51.5413421333102,5.04611380691526,NL,26/05/2021
12998977,cup; plastic; soda,51.5413491615699,5.04610286400024,NL,26/05/2021
12998976,can; energydrink; aluminum; kongstrong,51.5412709425164,5.04610611415119,NL,26/05/2021
12998975,aluminum; can; beer; dommelsch,51.5412895233218,5.0461036441988,NL,26/05/2021
12998974,can; beer; aluminum; jupiler,51.5412819110728,5.04601468921727,NL,26/05/2021
12998973,can; beer; aluminum; bavaria,51.5412792758042,5.0460084055862,NL,26/05/2021
12998972,beer; can; aluminum; hertogjan,51.5412744722253,5.04604204482284,NL,26/05/2021
12998971,energydrink; can; aluminum,51.5412727882517,5.04601628497208,NL,26/05/2021
12998970,beer; can; aluminum; dommelsch,51.5413071348751,5.04605186250763,NL,26/05/2021
12998969,packaging; plastic; bag,51.541286178298,5.04600923585815,NL,26/05/2021
12998968,beer; can; aluminum; jupiler,51.5412702932389,5.04605071546699,NL,26/05/2021
12998967,can; beer; aluminum; jupiler,51.541268849204,5.04606796661316,NL,26/05/2021
12998965,prince; wrapper; plastic; biscuit,51.541293254471,5.04605816379753,NL,26/05/2021
12998963,bottle; plastic; drink,51.5413186604395,5.04600416072708,NL,26/05/2021
12998962,plastic; beer; sixpackaging; dommelsch,51.5413243531098,5.04604813170438,NL,26/05/2021
12998961,snack; chipsbag; plastic,51.5413252145504,5.04597303965372,NL,26/05/2021
12998960,energydrink; can; aluminum,51.5413399323627,5.04588580480403,NL,26/05/2021
12998958,energydrink; can; aluminum,51.5413502512847,5.04587001016039,NL,26/05/2021
12998957,bottle; plastic; drink,51.5413687633325,5.04581254687687,NL,26/05/2021
12998956,aluminum; beer; can; bavaria,51.5414463906649,5.04572162175856,NL,26/05/2021
12998954,plastic; soda; cup,51.5415060717759,5.04550068243197,NL,26/05/2021
12998953,can; aluminum; beer; bavaria,51.5412644370697,5.04595118278467,NL,26/05/2021
12998951,mixdrink; can; aluminum; bacardi,51.5416629301552,5.04525385832572,NL,26/05/2021
12998950,can; aluminum; beer; bavaria,51.5415881786617,5.04523156442199,NL,26/05/2021
12998947,can; aluminum; beer; hertogjan,51.5413209244305,5.04496055365426,NL,26/05/2021
12998946,bolletje; foodwrapper; plastic,51.5412246854357,5.04500772232515,NL,26/05/2021
12998945,can; energydrink; aluminum; redbull,51.5413173459496,5.04499179088032,NL,26/05/2021
12998944,fastfood; coffeecup; paper,51.541304999816,5.04482177819703,NL,26/05/2021
12998943,beer; can; aluminum; hertogjan,51.541150592231,5.04501967879418,NL,26/05/2021
12998942,plastic; mayonnaise; sachet,51.5411149697845,5.04494975541418,NL,26/05/2021
12998941,can; aluminum; beer; bavaria,51.540203538718,5.0422101063741,NL,26/05/2021
12998939,paper; piece,51.5402441905941,5.04191226757794,NL,26/05/2021
12998938,personalhygiene; tissue; paper,51.5403925613414,5.04178100110894,NL,26/05/2021
12998937,paper; personalhygiene; tissue,51.5402622928305,5.04186972784472,NL,26/05/2021
12998935,tissue; paper; personalhygiene,51.5403057700035,5.04169499523238,NL,26/05/2021
12998934,narcotics; bag; plastic,51.5403198709919,5.0416906726281,NL,26/05/2021
12998932,cardboard; cup; mcdonalds; fastfood,51.5403283298356,5.04158434322591,NL,26/05/2021
12998929,plastic; piece,51.5403293151265,5.04102058529421,NL,26/05/2021
12998928,chipsbag; snack; plastic,51.5402999075711,5.04094943190229,NL,26/05/2021
12998926,beer; can; aluminum; bavaria,51.540495126572,5.03931379607439,NL,26/05/2021
12998910,aluminumfoil; piece; wrapper,51.5404952248956,5.03829960432724,NL,26/05/2021
12998909,aluminum; beer; can; bavaria,51.5403958420851,5.03805884376771,NL,26/05/2021
12998908,plastic; piece,51.5405160225065,5.03701178234927,NL,26/05/2021
12998907,aluminum; can; cocacola; soda,51.5403874724595,5.03686693702877,NL,26/05/2021
12998906,drink; cuplid; plastic,51.5404013744478,5.03674468586751,NL,26/05/2021
12998905,wrapper; plastic,51.5403085956334,5.03663602870112,NL,26/05/2021
12998904,wrapper; paper; candy,51.5403061110278,5.03663785374206,NL,26/05/2021
12998903,candy; lollipopstick; plastic,51.5402900750897,5.03651867455833,NL,26/05/2021
12998902,piece; wrapper; plastic,51.540318416117,5.03652102238763,NL,26/05/2021
12998901,fastfood; strawwrapper; paper; mcdonalds,51.5402742151469,5.03651179724147,NL,26/05/2021
12998897,plastic; candy; lollipopstick,51.5402955494436,5.03654463679586,NL,26/05/2021
12998896,candy; lollipopstick; plastic,51.5402783771453,5.03649947975127,NL,26/05/2021
12998895,juicepouch; capri sun; plastic; juice,51.5402913497389,5.03653465286183,NL,26/05/2021
12998894,fastfood; saucelid; plastic; macdonalds,51.5402481389368,5.03660619105949,NL,26/05/2021
12998893,drink; bottle; plastic,51.5403570740693,5.03658026119063,NL,26/05/2021
12998892,paper; piece; wrapper,51.5403175632693,5.03655799529556,NL,26/05/2021
12998891,energydrink; can; aluminum; bullit,51.5403330252668,5.03655673709331,NL,26/05/2021
12998890,plastic; bottle; lipton; soda,51.5403572861869,5.03664182642479,NL,26/05/2021
12998889,wrapper; plastic,51.5403465289687,5.03662294890958,NL,26/05/2021
12998887,bottle; soda; plastic,51.5403536763489,5.03662949111566,NL,26/05/2021
12998886,candy; lollipopstick; plastic,51.540914966127,5.03707167951963,NL,26/05/2021
12998882,candy; lollipopstick; cardboard,51.5426094077265,5.03884834018058,NL,26/05/2021
12998878,energydrink; can; aluminum; redbull,51.5431930499106,5.03967764231602,NL,26/05/2021
12998877,fastfood; lid; plastic,51.5432292951917,5.03970170649914,NL,26/05/2021
12998876,plastic; wrapper,51.543520711258,5.04009938745425,NL,26/05/2021
12998875,fastfood; cup; paper; macdonalds,51.5434843469492,5.04008008931967,NL,26/05/2021
12998872,paper; piece,51.5439082537075,5.04055113542266,NL,26/05/2021
12998871,candy; wrapper; paper,51.5439991352996,5.04072441895986,NL,26/05/2021
12998868,fastfood; straw; plastic; macdonalds,51.5445108734126,5.04131380760171,NL,26/05/2021
12998867,wrapper; plastic; foodpackaging,51.5446181439956,5.04144989134235,NL,26/05/2021
12998866,fastfood; cup; cardboard; mcdonalds,51.5447154054947,5.04160382812648,NL,26/05/2021
12998865,fastfood; straw; plastic; macdonalds,51.5446072449976,5.04141651390293,NL,26/05/2021
12998864,wrapper; plastic; foodpackaging,51.5448180152545,5.04171899202534,NL,26/05/2021
12998863,foodpackaging; wrapper; plastic; kanjers,51.54491580501,5.04180899911402,NL,26/05/2021
12998862,candy; wrapper; paper,51.5447531091732,5.04204284077905,NL,26/05/2021
12998861,aluminum; can; energydrink; redbull,51.5452672074115,5.04226846804008,NL,26/05/2021
12998856,piece; paper,51.5453347996735,5.04245801884007,NL,26/05/2021
12998855,candy; wrapper; plastic,51.5462900500613,5.04339256899477,NL,26/05/2021
12998836,plastic; wrapper,51.5472574647556,5.04498925127267,NL,26/05/2021
12998831,paper; piece,51.5478407790864,5.04612078012056,NL,26/05/2021
12998826,plastic; wrapper,51.549371010971,5.04718833242176,NL,26/05/2021
12998825,candy; wrapper; plastic,51.5488754825832,5.0465895843745,NL,26/05/2021
12998823,energydrink; can; aluminum; hello,51.5496583182946,5.047417441702,NL,26/05/2021
12998821,piece; paper,51.549833035044,5.04763160769275,NL,26/05/2021
12998820,candy; wrapper; plastic,51.5498548774353,5.04775787881765,NL,26/05/2021
12998818,piece; paper; foodpackaging,51.5498025663678,5.04768677221195,NL,26/05/2021
12998817,can; aluminum; coffee,51.5500126770359,5.04789210535783,NL,26/05/2021
12998816,drink; bottlecap; plastic,51.5501087790959,5.048006718485,NL,26/05/2021
12998815,candy; chewinggum; cardboard; jumbo,51.5501645558247,5.04802263096163,NL,26/05/2021
12998814,candy; lolipopwrapper; plastic,51.5500940787984,5.04797912499715,NL,26/05/2021
12998813,paper; piece,51.5504792031233,5.04878841342985,NL,26/05/2021
12998811,piece; plastic,51.5503304282684,5.04863119609616,NL,26/05/2021
12998810,plastic; piece,51.5504924455948,5.04898266210437,NL,26/05/2021
12998809,cup; paper; coffee,51.5506522863992,5.04889527604963,NL,26/05/2021
12998808,bag; plastic; wrapper,51.5505594563601,5.04890300937731,NL,26/05/2021
12998807,piece; paper,51.5510359257308,5.04930225774615,NL,26/05/2021
12998806,plastic; piece,51.5509153564174,5.0493148146561,NL,26/05/2021
12998805,can; aluminum; cocacola; soda,51.5508879199116,5.04927992458776,NL,26/05/2021
12998804,piece; plastic; wrapper,51.5510884630564,5.04945013962132,NL,26/05/2021
12998803,packaging; bag; plastic,51.5513367229207,5.04968726616735,NL,26/05/2021
12998800,can; beer; aluminum; bavaria,51.5513835844712,5.04970868562799,NL,26/05/2021
12998799,candy; wrapper; plastic,51.5512958637969,5.04972263821845,NL,26/05/2021
12998798,candy; wrapper; plastic,51.5516643211999,5.05039561153144,NL,26/05/2021
12998797,wrapper; plastic,51.5517274185177,5.05012418301932,NL,26/05/2021
12998796,piece; wrapper; paper,51.5516903382044,5.05016368686626,NL,26/05/2021
12998794,wrapper; piece; paper,51.5494056828297,5.0534610610259,NL,26/05/2021
12998793,paper; piece; wrapper,51.5466263656591,5.05259033815448,NL,26/05/2021
12998792,piece; wrapper; plastic,51.5516520784866,5.05015837535764,NL,26/05/2021
12998791,cosmetics; perfumesampler; paper,51.551771006576,5.05021510368918,NL,26/05/2021
12998790,piece; plastic,51.5516462851397,5.05054759703645,NL,26/05/2021
12998788,narcotics; bag; plastic,51.5516412131353,5.05035579390331,NL,26/05/2021
12998787,wrapper; plastic; packaging,51.5517396341417,5.05049932565769,NL,26/05/2021
12998784,wrapper; piece; paper,51.5514897414814,5.05113450661253,NL,26/05/2021
12998783,piece; paper; wrapper,51.5500090096661,5.05087768948173,NL,26/05/2021
12998782,piece; paper; wrapper,51.5510489381171,5.05133209514317,NL,26/05/2021
12998781,wrapper; paper; piece,51.5510489381171,5.05133209514317,NL,26/05/2021
12997010,beer; can; aluminum; dors,51.5693222,5.0864454,NL,26/05/2021
12982907,plastic,51.5693399,5.0864751,NL,25/05/2021
12982903,plastic,51.5693309,5.0864233,NL,25/05/2021
12982902,speen; plastic; verloren kind,51.5693222,5.0864454,NL,25/05/2021
12982899,lollypopstick; plastic,51.5693248,5.0864499,NL,25/05/2021
12976055,energy; aluminium; can,51.5693131,5.086352,NL,24/05/2021
12976054,roodwitafzetlint; plastic,51.5693131,5.086352,NL,24/05/2021
12972937,fernandes; can; aluminum; metal,51.5558549,5.1184447,NL,23/05/2021
12972936,lipton; plastic; sixpackplastic; sixpackwrapper,51.5558749,5.1183712,NL,23/05/2021
12972935,lipton; metal; can; alunimum,51.5559337,5.1185335,NL,23/05/2021
12972932,lipton; bottle; plastic; plastic dop,51.5558653,5.1183814,NL,23/05/2021
12972930,aadrink; plastic; bottle,51.5560932,5.1185204,NL,23/05/2021
12972929,arizona; bottle; plastic,51.555859,5.118444,NL,23/05/2021
12935243,sealbag; plastic,51.5701276,5.0811455,NL,21/05/2021
12935242,plastic; rietje,51.5704187,5.0811476,NL,21/05/2021
12935241,plastic; shopping bag,51.5704285,5.0812611,NL,21/05/2021
12935238,flamez; vloeiverpakking; paper; vloeipapier,51.5701888,5.0811481,NL,21/05/2021
12935237,kong strong; energydrink; metal; can; aluminium,51.5701888,5.0811481,NL,21/05/2021
12935236,plastic; plasticlid; cuplid,51.5701429,5.0805337,NL,21/05/2021
12935231,shandy; plastic; bottle,51.5702116,5.0811454,NL,21/05/2021
12935224,plastic; ballonenverpakking; ballon,51.5702125,5.0811424,NL,21/05/2021
12935223,red bull; can; aluminum; energy drink; energydrink; metal,51.5702131,5.0811454,NL,21/05/2021
12926190,raak; plastic; flessendop; plastic fles,51.5693376,5.086477,NL,21/05/2021
12926189,can; metal; aluminium; first choice,51.5693376,5.086477,NL,21/05/2021
12926188,plastic; sigarettenpakwikkel,51.5693171,5.0864392,NL,21/05/2021
12926187,energy drink; aluminum; red bull; energydrink; metal; can,51.5693344,5.0864376,NL,21/05/2021
12926186,energy drink; aluminum; red bull; energydrink; metal; can,51.5693344,5.0864376,NL,21/05/2021
12919131,deli; shell; plastic; sandwich box,51.5714705,5.0861684,NL,20/05/2021
12919129,coca cola; aluminium; can,51.5701424,5.0855357,NL,20/05/2021
12919128,plastic,51.5716636,5.0831411,NL,20/05/2021
12919127,aluminium; red bull; can; energy drink,51.5714054,5.086063,NL,20/05/2021
12919125,aluminium; red bull; can; energy drink,51.5716582,5.0831381,NL,20/05/2021
12919121,prepaidsimkaart; plastic; pasje; simcardholder,51.571643,5.0831332,NL,20/05/2021
12919118,paper; lebara; verpakking; prepaidsimkaart; simcardpackage; papier,51.571643,5.0831332,NL,20/05/2021
12919113,aluminium; red bull; can; energy drink,51.5715926,5.0831329,NL,20/05/2021
12919108,heineken; can; aluminium; beer,51.5693296,5.0864175,NL,20/05/2021
12919107,heineken; can; aluminium; beer,51.5693296,5.0864175,NL,20/05/2021
12909167,jpscigarettepack; sigarettenpakje; paper; aluminiumfolie,51.5695619,5.0859367,NL,20/05/2021
12909166,paper; krant; huisaanhuisblad,51.5695619,5.0859367,NL,20/05/2021
12909165,can; aluminium; energy drink; golden power,51.5699414,5.0855222,NL,20/05/2021
12909164,can; aluminium,51.5699083,5.0855807,NL,20/05/2021
12909163,bottle; aadrink; energydrink; plastic; dop,51.5700438,5.0854084,NL,20/05/2021
12909161,can; aluminium; energy drink; kong strong,51.5699082,5.0855763,NL,20/05/2021
12909160,kfc; kfc cup; plastic,51.5686039,5.085035,NL,20/05/2021
12909158,trio; metal; beer; bierdop,51.5688944,5.085709,NL,20/05/2021
12909157,candy; wrapper; plasticcoatedpaper; ricola; keelsnoeppapiertje,51.5689752,5.085604,NL,20/05/2021
12909156,personal hygiene; covid; paper; rubberband,51.5685993,5.0850371,NL,20/05/2021
12909154,can; aluminium; beer; bavaria,51.5689683,5.0861048,NL,20/05/2021
12909151,broodzak; plastic,51.5690257,5.0860823,NL,20/05/2021
12909150,plastic; aluminiumcoatedplastic; capri sun,51.5689884,5.0860774,NL,20/05/2021
12909149,plastic; christ; verpakking; auto; windowcleaner,51.5689367,5.0861284,NL,20/05/2021
12909147,chupachups; plastic; lolly wrapper,51.5690296,5.086042,NL,20/05/2021
12909142,plastic,51.5690416,5.0860928,NL,20/05/2021
12909138,plastic; bottlecap,51.5690746,5.0859884,NL,20/05/2021
12909135,plastic,51.5690733,5.0859983,NL,20/05/2021
12909134,plastic,51.5690854,5.085984,NL,20/05/2021
12909133,lipton; plastic; bottle,51.569098,5.0860051,NL,20/05/2021
12909132,plastic; aluminiumcoatedplastic; capri sun,51.5690755,5.0859969,NL,20/05/2021
12909130,christaline; plastic; wrapper,51.5690843,5.086024,NL,20/05/2021
12909127,plastic; broodclip,51.5691326,5.0861059,NL,20/05/2021
12909126,can; aluminium; export bier; beer,51.5692875,5.0860328,NL,20/05/2021
12894884,kruidvat; paper; kassabon,51.5693327,5.0864605,NL,19/05/2021
12894883,sportlife chewing gum; plastic; plastic pot,51.5693327,5.0864605,NL,19/05/2021
12894881,haribo; plastic; snoepverpakking,51.569338,5.0864459,NL,19/05/2021
12894880,plastic; koekverpakking; peijnenburg,51.569327,5.0863119,NL,19/05/2021
12894879,hondenpoepzakje; plastic,51.5693327,5.0864605,NL,19/05/2021
12894873,red bull; aluminum; can; energydrink,51.5694892,5.0898123,NL,19/05/2021
12894770,chocoladeverpakking; plastic,51.5696758,5.0916284,NL,19/05/2021
12894769,tandenstokerverpakking; plastic; sealbag; personal hygiene,51.569431,5.0918234,NL,19/05/2021
12894768,plastic,51.569431,5.0918234,NL,19/05/2021
12894767,paper; geldopnamebon; pinautomaatbon; geldmaat,51.569431,5.0918234,NL,19/05/2021
12894765,plastic,51.5699037,5.0910515,NL,19/05/2021
12894764,plastic,51.5697121,5.0916479,NL,19/05/2021
12894763,rivercote; plastic; koekverpakking; vlugge japie,51.5699037,5.0910515,NL,19/05/2021
12894762,deli; broodjeszak; paper,51.5688589,5.0910017,NL,19/05/2021
12894761,flacon; plastic; spuitflesje,51.5689101,5.0900685,NL,19/05/2021
12894760,pen; plastic; pennendop,51.5689274,5.0900815,NL,19/05/2021
12894759,be; kind; chocoladeverpakking; plastic,51.5691651,5.0917417,NL,19/05/2021
12894757,plastic,51.569655,5.091623,NL,19/05/2021
12894756,motorcyclestore; plastic; reclame,51.5695941,5.0890025,NL,19/05/2021
12894754,action; paper; kassabon,51.5692121,5.0917899,NL,19/05/2021
12894753,peijnenburg; plastic; koekverpakking,51.569151,5.0917073,NL,19/05/2021
12894751,dundonia; plastic; keelsnoepje; keelsnoeppapiertje,51.5680281,5.0899582,NL,19/05/2021
12894748,plastic,51.5695939,5.0889988,NL,19/05/2021
12894743,sealbag; plastic; narcotics; weedbag,51.5697152,5.0888082,NL,19/05/2021
12894742,plastic; sealbag; weedbag; narcotics,51.5697398,5.0887919,NL,19/05/2021
12894741,pen; plastic,51.5693019,5.0880042,NL,19/05/2021
12894740,ulker; plastic; snoeppapiertje,51.5696894,5.088842,NL,19/05/2021
12894738,fuerza; can; aluminium; energydrink,51.5694296,5.0882232,NL,19/05/2021
12894737,plastic,51.604371,5.0869138,NL,16/05/2021
12894736,plastic,51.6043585,5.0868076,NL,16/05/2021
12894734,red bull; can; energydrink; aluminium,51.5696097,5.0882653,NL,19/05/2021
12894729,boterhamzakje; plastic,51.6044431,5.0868611,NL,16/05/2021
12894728,drinkflessluiting; plastic,51.6043558,5.0868277,NL,16/05/2021
12894727,plastic,51.6044213,5.0868649,NL,16/05/2021
12894726,plastic,51.6044431,5.0868611,NL,16/05/2021
12894723,plastic; bottlecap,51.6044164,5.0868402,NL,16/05/2021
12894722,plastic dop; plastic,51.6044372,5.0868522,NL,16/05/2021
12894721,plastic,51.604432,5.0868815,NL,16/05/2021
12894717,plastic,51.6043879,5.087121,NL,16/05/2021
12894716,plastic; flessendop; sinas,51.6045584,5.0867632,NL,16/05/2021
12894715,plastic; snoepzak,51.6045759,5.0866487,NL,16/05/2021
12894712,plastic,51.6045423,5.0867839,NL,16/05/2021
12894711,paper; wooden; forks; hout,51.6044886,5.0867992,NL,16/05/2021
12894710,plastic,51.6045759,5.0866487,NL,16/05/2021
12894708,vuilniszakband; plastic,51.6047222,5.0867232,NL,16/05/2021
12894707,spa; flessendop; plastic,51.604626,5.0866725,NL,16/05/2021
12894706,wachtnummer; paper; winkel; plasticcoatedpaper,51.6042764,5.0870557,NL,16/05/2021
12894704,voedselverpakking; plastic,51.6044367,5.0868469,NL,16/05/2021
12894702,paper; ticket; entranceticket,51.6024111,5.0896802,NL,16/05/2021
12894700,plastic,51.6041881,5.0877152,NL,16/05/2021
12894698,paper; mascotte; vloeiverpakking,51.5693561,5.0862933,NL,16/05/2021
12894697,plastic; zakdoekjesverpakking,51.6042467,5.0876732,NL,16/05/2021
12894695,plastic; foodcontainer,51.6045183,5.0872986,NL,16/05/2021
12894692,plastic,51.6030302,5.0887603,NL,16/05/2021
12894691,plastic,51.6030181,5.0887518,NL,16/05/2021
12894689,plastic; foodcontainer,51.6045208,5.0872905,NL,16/05/2021
12849201,sigarettenfilter; plastic; papier,51.6020208,5.0892975,NL,16/05/2021
12849198,sigarettenfilter; plastic; papier,51.6021619,5.0894352,NL,16/05/2021
12849196,plastic; rietjesverpakking,51.6025426,5.0890908,NL,16/05/2021
12849190,plastic,51.6025373,5.0889431,NL,16/05/2021
12849189,piece; plastic,51.6001459,5.0970551,NL,16/05/2021
12849074,ijslepeltje; plastic,51.6047851,5.1117224,NL,16/05/2021
12848961,sigarettenfilter; plastic; papier,51.6044877,5.0870016,NL,16/05/2021
12848960,plastic; piece,51.6043943,5.0868435,NL,16/05/2021
12848957,plastic,51.604384,5.0868408,NL,16/05/2021
12848956,piece; plastic,51.604329,5.0868195,NL,16/05/2021
12848954,piece; plastic,51.6041012,5.0861938,NL,16/05/2021
12846350,omsnoeringsband; plastic; verpakkingsmateriaal,51.5686096,5.0878974,NL,16/05/2021
12846349,plastic; piece; ijsbeker,51.5686115,5.0882578,NL,16/05/2021
12846348,napoleon; snoeppapiertjes; plastic,51.5684714,5.0903075,NL,16/05/2021
12846347,plastic; piece; ijsbeker,51.5686075,5.0882642,NL,16/05/2021
12846346,plastic; plastic dop,51.5686771,5.0881682,NL,16/05/2021
12846345,deksel; plastic; toy,51.568351,5.0887351,NL,16/05/2021
12846344,plastic; plastic dop,51.5685556,5.0904734,NL,16/05/2021
12846343,melkunie; yoghurtpouch; plastic; aluminiumcoatedplastic,51.5685561,5.0897953,NL,16/05/2021
12846342,plastic; plastic vork; cafetaria,51.5685009,5.0901575,NL,16/05/2021
12846341,van melle; plastic; plasticcoatedpaper; snoeppapiertje,51.5684856,5.0904044,NL,16/05/2021
12846340,plastic; broodclip,51.5685828,5.0899955,NL,16/05/2021
12846339,shakura; energy drink; aluminum; can,51.5691817,5.09175,NL,16/05/2021
12846337,napoleon; snoeppapiertjes; plastic,51.5685629,5.090471,NL,16/05/2021
12846336,sigarettenpakwikkel; plastic,51.5684384,5.090618,NL,16/05/2021
12846335,napoleon; snoeppapiertjes; plastic,51.5685651,5.0904655,NL,16/05/2021
12846334,aluminium; can; fuze tea,51.5691818,5.0917609,NL,16/05/2021
12846333,plastic; bag,51.5691812,5.0917457,NL,16/05/2021
12846331,snoeppapiertje; plastic,51.5689771,5.091417,NL,16/05/2021
12846329,paper; karton; burgerbox,51.5692054,5.0917429,NL,16/05/2021
12846328,orient; sweets; plastic; snoepverpakking,51.5692077,5.0918247,NL,16/05/2021
12846327,napoleon; snoeppapiertjes; plastic,51.5685556,5.0904734,NL,16/05/2021
12846326,energy; energydrink; aluminium; can,51.5691881,5.0917771,NL,16/05/2021
12846323,mcdonalds; rietje; plasticcoatedpaper; plastic; colabeker,51.5697609,5.0917365,NL,16/05/2021
12846317,e energy drink; can; aluminum; energydrink,51.5692144,5.0918445,NL,16/05/2021
12846316,plastic; papier; personalhygiene; mondkapje; covid; elastiek,51.5692756,5.0919765,NL,16/05/2021
12846315,bavaria; can; aluminum,51.5694052,5.0920078,NL,16/05/2021
12846314,aluminium; can; red bull,51.5697723,5.0916897,NL,16/05/2021
12846313,plastic; plasticcoatedpaper; snoeppapiertje,51.5694137,5.092041,NL,16/05/2021
12846312,yakult; plastic; flesje,51.569508,5.0920743,NL,16/05/2021
12846311,aluminium; can; red bull,51.569231,5.0917848,NL,16/05/2021
12846310,plastic; gripsealbag; narcotics; weedbag; thailand,51.5693039,5.0919463,NL,16/05/2021
12846309,de lekkerste; koekverpakking; plastic,51.5698729,5.0913194,NL,16/05/2021
12846306,roodwitafzetlint; plastic,51.5698572,5.0912962,NL,16/05/2021
12846305,flax; plastic,51.5698538,5.0916409,NL,16/05/2021
12846304,grolsch; can; beer; aluminium,51.5699136,5.0913355,NL,16/05/2021
12846303,maxx; plastic; verpakking,51.5698681,5.0916674,NL,16/05/2021
12846302,bag; plastic,51.5698724,5.0913346,NL,16/05/2021
12846301,kong strong; can; aluminium; energydrink,51.5698736,5.0916599,NL,16/05/2021
12846300,oshee; can; aluminum,51.5697661,5.0917028,NL,16/05/2021
12846299,plastic; papier; personalhygiene; mondkapje; covid; elastiek,51.5699094,5.0913435,NL,16/05/2021
12846298,plastic; snoepverpakking; haribo,51.5698728,5.0913103,NL,16/05/2021
12846297,plastic; bag; voedselverpakking; groenteverpakking,51.5698675,5.0913071,NL,16/05/2021
12846296,keukenrol; paper; personal hygiene,51.5698578,5.0912706,NL,16/05/2021
12846295,maoam; plastic; snoeppapiertje,51.5698732,5.0913299,NL,16/05/2021
12846293,plastic; papier; personalhygiene; mondkapje; covid; elastiek,51.5699172,5.0908709,NL,16/05/2021
12846292,plastic; plastic beker,51.569915,5.0912091,NL,16/05/2021
12846289,rietje; plastic,51.5698907,5.0912597,NL,16/05/2021
12846288,plastic; papier; personalhygiene; mondkapje; covid; elastiek,51.5697186,5.0904424,NL,16/05/2021
12846287,plastic; bag,51.5696629,5.0902354,NL,16/05/2021
12846286,plastic; deksel; voedselverpakking,51.5697326,5.090619,NL,16/05/2021
12846285,paper; fleurop,51.5698931,5.0908213,NL,16/05/2021
12846284,rivercote; vlugge japie; koekverpakking; plastic,51.5696221,5.0900909,NL,16/05/2021
12846281,sandwichverpakking; plastic,51.5695521,5.0899902,NL,16/05/2021
12846279,plastic; snoepverpakking; skittles,51.5687107,5.0883241,NL,16/05/2021
12846278,aluminium; can; red bull,51.5694582,5.08985,NL,16/05/2021
12846277,plastic; cerveza; drinklabel,51.5695312,5.08994,NL,16/05/2021
12846276,camel; cigarettepack; paper; plastic,51.5696023,5.0900299,NL,16/05/2021
12846274,aluminium; can; red bull,51.5696409,5.0900273,NL,16/05/2021
12846273,jumbo; plastic; chocoladeverpakking,51.5695377,5.0899484,NL,16/05/2021
12846272,golden power; can; aluminum; energydrink,51.5695985,5.0900381,NL,16/05/2021
12846271,papier; bag; mcdonalds; etenszak,51.5694567,5.0898561,NL,16/05/2021
12846270,aluminium; can; red bull,51.5692168,5.0893059,NL,16/05/2021
12846269,ricola; snoeppapiertje; keelsnoeppapiertje; plastic,51.5694122,5.0898004,NL,16/05/2021
12846266,plastic; papier; personalhygiene; mondkapje; covid; elastiek,51.5694074,5.0897416,NL,16/05/2021
12846264,plastic; papier; personalhygiene; mondkapje; covid; elastiek,51.5690137,5.0876811,NL,16/05/2021
12846262,yakult; plastic; flesje,51.5690168,5.087593,NL,16/05/2021
12846259,spa; plastic; water; bottle,51.5690137,5.0876811,NL,16/05/2021
12846254,plastic; snoepverpakking; haribo,51.5690441,5.0875858,NL,16/05/2021
12846253,aluminum; can; beer; dommelsch,51.5690153,5.0876279,NL,16/05/2021
12846252,weedbag; plastic; narcotics; sealbag,51.5689971,5.0876365,NL,16/05/2021
12846251,coca cola; aluminum; can,51.5693414,5.086407,NL,16/05/2021
12846250,paper; kassabon; hema,51.5691399,5.0874931,NL,16/05/2021
12808084,piepschuim; plastic; bouwafval,51.5693343,5.0864316,NL,14/05/2021
12808083,e energy drink; aluminum; can; metal,51.5686265,5.0899378,NL,14/05/2021
12662459,aluminum; can; energydrink; redbull,51.5446869117865,5.04733014782766,NL,05/05/2021
12662458,aluminum; can; energydrink; fuerza,51.5452209383048,5.04800697543382,NL,05/05/2021
12644112,lighter; plastic; metaal,51.5655835,5.0817295,NL,04/05/2021
12644106,ah; waterflesje; plastic; plastic dop,51.5656917,5.082331,NL,04/05/2021
12554933,plastic; plasticfolie; large piece,51.5693432,5.0864827,NL,30/04/2021
12506152,lighter; plastic; aluminium,51.5693245,5.0864072,NL,28/04/2021
12494340,plastic; koekjesverpakking; medium piece,51.5705856,5.0816224,NL,27/04/2021
12494335,tiewrap; plastic; medium piece,51.5705796,5.0816421,NL,27/04/2021
12494333,plastic; large piece; fietsonderdeel; hard plastic,51.5705856,5.0816449,NL,27/04/2021
12494323,tiewrap; plastic; medium piece,51.570606,5.0816646,NL,27/04/2021
12494322,plastic; weedbag; sealbag,51.5693206,5.0864186,NL,27/04/2021
12494317,omsnoeringsband; polyester; plastic; verpakkingsmateriaal,51.5693206,5.0864186,NL,27/04/2021
12494315,plastic; hondenpoepzakje; plastic folie; large piece,51.5693206,5.0864186,NL,27/04/2021
12494311,paper; krant; large piece,51.5693206,5.0864186,NL,27/04/2021
12494303,plastic folie; plastic; large piece,51.5693206,5.0864186,NL,27/04/2021
12450724,plastic; bottle,51.5411993662425,5.04602083964307,NL,26/04/2021
12450723,plastic; bottle,51.5412052466291,5.0460254318783,NL,26/04/2021
12450721,energydrink; can; aluminum; bullit,51.5412052466291,5.0460254318783,NL,26/04/2021
12450720,beer; aluminum; can; atlas,51.5423924066935,5.04644779199756,NL,26/04/2021
12450719,beer; aluminum; can; pitt,51.5421575573402,5.04613132699801,NL,26/04/2021
12450718,plastic; bottle; aadrink,51.5412478859871,5.04609026451747,NL,26/04/2021
12450717,energydrink; can; aluminum; redbull,51.5412478859871,5.04609026451747,NL,26/04/2021
12450716,plastic; paper; saucelid; burgerbox,51.5403669474249,5.04152442388546,NL,26/04/2021
12450714,can; pringles; metal,51.541265075882,5.04600543980915,NL,26/04/2021
12450713,paper; cup,51.5408295822868,5.04236961400743,NL,26/04/2021
12450712,can; energydrink; aluminum; redbull,51.5404149332798,5.04249775721709,NL,26/04/2021
12450711,can; aluminum; cocacola; soda,51.5403372698937,5.04248436822141,NL,26/04/2021
12450710,plastic; wrapper; mars,51.5401993362064,5.04220240806697,NL,26/04/2021
12450709,energydrink; can; aluminum; redbull,51.5402489222156,5.04169285024395,NL,26/04/2021
12450708,energydrink; can; aluminum,51.5402489222156,5.04169285024395,NL,26/04/2021
12450707,energydrink; can; aluminum,51.54026588683,5.04179791225403,NL,26/04/2021
12450706,paper; cup,51.5415802140748,5.04229091405005,NL,26/04/2021
12450705,can; energydrink; aluminum; goldenpower,51.5415802140748,5.04229091405005,NL,26/04/2021
12450704,fastfood; macdonalds; paper; plastic,51.5403526253275,5.04152829425947,NL,26/04/2021
12450703,paper; tissue,51.540340999121,5.04151709541783,NL,26/04/2021
12450702,mcdonalds; paper; fastfood; fastfoodpackaging,51.5403846778142,5.04152894549671,NL,26/04/2021
12450701,plastic; bottle; soda; fanta,51.5405423975583,5.04175275141188,NL,26/04/2021
12450700,paper; bag; fastfood; macdonalds,51.5404585258976,5.0416218439822,NL,26/04/2021
12450699,paper; bag; mcdonalds; fastfood,51.5404576451975,5.04165163277468,NL,26/04/2021
12450698,paper; bag; mcdonalds; fastfood,51.5406887471887,5.0419523032635,NL,26/04/2021
12450697,paper; tissue,51.5403853449372,5.04114195899478,NL,26/04/2021
12450696,paper; tissue,51.5403853449372,5.04114195899478,NL,26/04/2021
12450695,paper; tissue,51.5403875695238,5.04111015894126,NL,26/04/2021
12450694,bottle; plastic; soda,51.5406823759525,5.03921112846478,NL,26/04/2021
12450692,bottle; lipton; plastic; soda,51.5407040824506,5.04073116023728,NL,26/04/2021
12450691,paper; tissue,51.5404946157209,5.04086327226336,NL,26/04/2021
12450690,paper; tissue,51.540644296341,5.04071171723712,NL,26/04/2021
12450689,capri sun; juicepouch; plastic; juice,51.5405988149505,5.03843067473436,NL,26/04/2021
12450688,plastic; saucecup; fastfood; macdonalds,51.5407328615773,5.03874349484177,NL,26/04/2021
12450687,plastic; foodpackaging,51.5369547249156,5.03319701328965,NL,26/04/2021
12450680,can; aluminum; energydrink,51.5343114395683,5.03792415108281,NL,26/04/2021
12450679,plastic; straw; lid; fastfood; macdonalds,51.5373237748432,5.03287571582598,NL,26/04/2021
12450677,aluminum; can; energydrink,51.5366720889679,5.03348819882329,NL,26/04/2021
12450676,can; energydrink; aluminum; bullit,51.5372297804992,5.03293122929624,NL,26/04/2021
12450674,aluminum; can; energydrink,51.5366400231674,5.03338753599608,NL,26/04/2021
12450673,plastic; straw; fastfood; macdonalds,51.5347038664023,5.0383137548363,NL,26/04/2021
12450672,plastic; drink; bottle; water,51.5366807808575,5.03350631988365,NL,26/04/2021
12450671,can; aluminum; energydrink,51.5364987170868,5.03345206401988,NL,26/04/2021
12450667,cup; paper; fastfood,51.5342721735071,5.03757940035811,NL,26/04/2021
12450665,plastic; straw; fastfood; macdonalds,51.5344498848457,5.03795599708571,NL,26/04/2021
12450664,fastfood; cup; mcdonalds; paper,51.5346149885465,5.03780291161988,NL,26/04/2021
12450663,mcdonalds; paper; wrapper; fastfood,51.5347057795097,5.03805502131705,NL,26/04/2021
12450662,wrapper; paper; fastfood,51.534855574246,5.03813117336309,NL,26/04/2021
12450661,paper; wrapper; candy,51.5347057795097,5.03805502131705,NL,26/04/2021
12450657,plastic; smallpiece,51.5366877535528,5.03998783456555,NL,26/04/2021
12450655,paper; tissue,51.5359565842096,5.04026841692522,NL,26/04/2021
12450654,paper; tissue,51.5359983471981,5.04015169625356,NL,26/04/2021
12450653,plastic; saucecup; fastfood; macdonalds,51.535958528203,5.04019896156314,NL,26/04/2021
12450652,strawwrapper; paper; fastfood; macd,51.5363195838559,5.04022455387612,NL,26/04/2021
12450651,plastic; saucecup; fastfood; macdonalds,51.535958528203,5.04019896156314,NL,26/04/2021
12450650,paper; tissue,51.5365404402574,5.04008922543246,NL,26/04/2021
12450649,paper; wrapper; fastfood; macdonalds,51.5359597557445,5.04004779842038,NL,26/04/2021
12450648,cup; mcdonalds; fastfood; paper,51.5364999722234,5.04025437137255,NL,26/04/2021
12450647,cup; mcdonalds; paper; fastfood,51.5364695557259,5.04073381775037,NL,26/04/2021
12450645,cup; mcdonalds; paper; fastfood,51.536561534032,5.04057947373164,NL,26/04/2021
12450644,plastic; saucecup; fastfood; macdonalds,51.5369628667419,5.04076715997331,NL,26/04/2021
12450643,plastic; lid; fastfood; macdonalds,51.5364326211035,5.04066957083163,NL,26/04/2021
12450642,paper; tissue,51.5365667579667,5.04090137627396,NL,26/04/2021
12450641,paper; tissue,51.5367033851197,5.04093386168567,NL,26/04/2021
12450640,plastic; saucecup; fastfood; macdonalds,51.5371226624756,5.04081139218326,NL,26/04/2021
12450639,can; aluminum; beer; grolsch,51.5369466699035,5.04091238426663,NL,26/04/2021
12450637,paper; bag; fastfood; macdonalds,51.5367538989132,5.04097029927759,NL,26/04/2021
12450636,wrapper; paper; fastfood; macdonalds,51.537100765,5.04171419405847,NL,26/04/2021
12450635,plastic; saucecup; fastfood; macdonalds,51.5368403385417,5.04141815969519,NL,26/04/2021
12450634,paper; wrapper; fastfood; macdonalds,51.536746890613,5.040994553616,NL,26/04/2021
12450633,fastfood; strawwrapper; paper; macdonalds,51.5366932635707,5.04090633802835,NL,26/04/2021
12450632,plastic; straw; fastfood; macdonalds,51.5370827379233,5.04152890174009,NL,26/04/2021
12450631,paper; tissue,51.5369217528397,5.04162220799314,NL,26/04/2021
12450630,mcdonalds; bag; paper; fastfood,51.5369772721006,5.04159987853775,NL,26/04/2021
12450629,paper; tissue,51.5369991984863,5.04149437142398,NL,26/04/2021
12450628,paper; tissue,51.5371254319948,5.04171739650495,NL,26/04/2021
12450627,mcdonalds; paper; bag; fastfood,51.5369714106093,5.04204068621575,NL,26/04/2021
12450626,paper; bag; fastfood; macdonalds,51.5368434212447,5.04181833256369,NL,26/04/2021
12450625,paper; wrapper; fastfood; macdonalds,51.537243309583,5.0416279653984,NL,26/04/2021
12450624,paper; bag; fastfood; macdonalds,51.5370577825182,5.04194392216697,NL,26/04/2021
12450623,paper,51.5370664072433,5.04198325557972,NL,26/04/2021
12450622,paper; tissue,51.5370664072433,5.04198325557972,NL,26/04/2021
12450621,fastfood; saucelid; plastic; macdonalds,51.5369712322988,5.04184683381761,NL,26/04/2021
12450620,paper; fastfood; strawwrapper; macdonalds,51.5369712322988,5.04184683381761,NL,26/04/2021
12450619,paper; tissue; fastfood,51.5371083918753,5.04204063658165,NL,26/04/2021
12450617,paper; tissue; fastfood,51.5369346278765,5.04186355253435,NL,26/04/2021
12450616,plastic,51.5370193843784,5.04183479555439,NL,26/04/2021
12450615,mcdonalds; fastfood; burgerbox; paper; tissue,51.5370010003721,5.04184710995509,NL,26/04/2021
12450614,plastic; saucecup; fastfood; macdonalds,51.5370193843784,5.04183479555439,NL,26/04/2021
12450613,plastic; saucecup; fastfood; macdonalds,51.53711037317,5.0418341098771,NL,26/04/2021
12450611,plastic; saucecup; fastfood; macdonalds,51.5370662986031,5.04185552853951,NL,26/04/2021
12450610,plastic; spoon; fastfood; macdonalds,51.5369473481585,5.04185169133242,NL,26/04/2021
12450609,paper; mcdonalds; cup; fastfood,51.5369531105124,5.04186511382708,NL,26/04/2021
12450607,paper; tissue,51.5373070261288,5.04197547708611,NL,26/04/2021
12450606,paper; tissue,51.5372098994432,5.04210457162055,NL,26/04/2021
12450605,paper; tissue; fastfood,51.5370673144979,5.04185056069112,NL,26/04/2021
12450604,plastic; spoon; fastfood,51.5371742559987,5.0418794380824,NL,26/04/2021
12450603,paper; mcdonalds; cup; fastfood,51.5372715109961,5.04188828169061,NL,26/04/2021
12450602,mcdonalds; paper; fastfood; friesholder,51.5372012294265,5.04182411817147,NL,26/04/2021
12450601,paper; fastfood; mcdonalds; friesholder,51.5371880147595,5.04207253010161,NL,26/04/2021
12450600,cashreceipt; paper; fastfood; macdonalds,51.5372283593435,5.04192992702585,NL,26/04/2021
12450598,plastic; fastfood; saucecup; macdonalds,51.5371985385167,5.04200287978094,NL,26/04/2021
12450597,mcdonalds; bag; paper; fastfood,51.5371810983832,5.04207000888225,NL,26/04/2021
12450596,paper; tissue,51.5373474955624,5.04196414710982,NL,26/04/2021
12450594,plastic; fastfood; saucecup; macdonalds,51.5372206797761,5.04218302800661,NL,26/04/2021
12450593,wrapper; paper; strawwrapper; fastfood; macdonalds,51.5372136235417,5.04210946624175,NL,26/04/2021
12450591,plastic; straw; fastfood; macdonalds,51.5372642538835,5.04226559007866,NL,26/04/2021
12450590,plastic; straw; wrapper; lid; fastfood; macdonalds,51.5372952290828,5.0420859050483,NL,26/04/2021
12450589,plastic; straw; fastfood; mcdonalds,51.5376577990531,5.04398152856329,NL,26/04/2021
12450588,paper; cup; mcdonalds; fastfood,51.5372305642747,5.04285985522948,NL,26/04/2021
12450587,strawwrapper; paper; fastfood; macdonalds,51.5373044847042,5.0423279407711,NL,26/04/2021
12450585,plastic; lid; fastfood; macdonalds,51.5374934328662,5.04292474881844,NL,26/04/2021
12450584,cup; paper; fastfood; macdonalds,51.5373838213132,5.04329153271312,NL,26/04/2021
12450583,spoon; plastic; fastfood; macdonalds,51.5375375337763,5.04353199891367,NL,26/04/2021
12450582,lid; mcdonalds; plastic; fastfood,51.5374247589155,5.04242847519338,NL,26/04/2021
12450581,cup; paper; mcdonalds; fastfood,51.5375332817524,5.04325017378316,NL,26/04/2021
12450580,cup; mcdonalds; paper; fastfood,51.537440554545,5.04293119936599,NL,26/04/2021
12450579,mcdonalds; cup; paper; fastfood,51.5376577990531,5.04398152856329,NL,26/04/2021
12450578,plastic; wrapper; snickers; candy,51.5376842882715,5.04378757624111,NL,26/04/2021
12450577,cup; mcdonalds; paper; fastfood,51.5377011099908,5.0433646870957,NL,26/04/2021
12450573,plastic; spoon; macdonalds; fastfood,51.5383784848272,5.04532219505744,NL,26/04/2021
12450572,plastic; lid; fastfood; macdonalds,51.5386033208576,5.04580753957165,NL,26/04/2021
12450571,spoon; plastic; fastfood; macdonalds,51.5384774011981,5.04589093064925,NL,26/04/2021
12450569,plastic; lid; fastfood; mcdonalds,51.5384638817981,5.04621402105534,NL,26/04/2021
12450568,mcdonalds; paper; cup; fastfood,51.5386650281638,5.04603853605879,NL,26/04/2021
12450565,mcdonalds; cup; paper; fastfood,51.5385840072463,5.04638904290043,NL,26/04/2021
12450562,cup; paper; mcdonalds; fastfood; mcdonald's; macdonalds,51.5396858874381,5.05049321628278,NL,26/04/2021
12450558,paper; bag; fastfood; burgerking,51.5388305962112,5.05385692248165,NL,26/04/2021
12450556,chips; bag; lays,51.5400714509639,5.04642358767081,NL,26/04/2021
12450554,bag; paper; fastfood; burgerking,51.5398439306745,5.04701523810656,NL,26/04/2021
12450553,fastfood; spoon; plastic; macdonalds,51.5399122845808,5.04712228262582,NL,26/04/2021
12450552,paper; wrapper; fastfood; burgerking,51.5394688578621,5.0467840179777,NL,26/04/2021
12450550,cocacola; can; aluminum; soda,51.5398289122269,5.04772406220134,NL,26/04/2021
12450549,paper; bag; fastfood; burgerking,51.5398967554355,5.0504993031546,NL,26/04/2021
12222018,paper; cashreceipt; jumbo,51.5405310454225,5.03535353742681,NL,22/04/2021
12222017,piece; paper; tissue,51.5405329690993,5.03613552322296,NL,22/04/2021
12222016,beer; bavaria; aluminum; can,51.5404157250029,5.03621859269727,NL,22/04/2021
12222015,fastfood; mcdonalds; cup; cardboard,51.5404162756629,5.03621679187973,NL,22/04/2021
12222014,mcdonalds; cup; fastfood; cardboard,51.5417286568035,5.03736341196017,NL,22/04/2021
12222012,can; aluminum; beer; bavaria,51.5406217683807,5.03725123280216,NL,22/04/2021
12222011,beer; can; aluminum; bavaria,51.5406827068097,5.04002580459296,NL,22/04/2021
12222010,food; wrapper; plastic,51.5403935824398,5.04132989892481,NL,22/04/2021
12222009,beer; can; aluminum; bavaria,51.5406131551842,5.04116229086688,NL,22/04/2021
12222008,juice; juicebox; plastic; wicky,51.5411039166003,5.04167277222753,NL,22/04/2021
12222007,plastic; wrapper,51.5414682384698,5.04171997298691,NL,22/04/2021
12222001,can; aluminum; bullit; energydrink,51.5409703152327,5.04173857140748,NL,22/04/2021
12222000,coffee; cup; paper; lavazza,51.5408071011624,5.04188735415811,NL,22/04/2021
12221998,beer; can; aluminum; dommelsch,51.5407588407637,5.04242957894447,NL,22/04/2021
12221997,plastic; wrapper; foodunknown,51.5410701488499,5.04213049864461,NL,22/04/2021
12221996,can; aluminum; energydrink; redbull,51.5406266626317,5.0425052778016,NL,22/04/2021
12221995,can; aluminum; energydrink; bullit,51.5407428356879,5.04322545656111,NL,22/04/2021
12221990,energydrink; can; aluminum; fuerza,51.5406890319584,5.04339164166794,NL,22/04/2021
12221989,beer; can; aluminum; hertogjan,51.5412678505131,5.04396491951617,NL,22/04/2021
12221988,beer; can; aluminum; leffe,51.5408696266632,5.04381871911896,NL,22/04/2021
12221987,animalfood; pot; plastic; intratuin,51.5410486727207,5.04404393502594,NL,22/04/2021
12221981,energydrink; can; aluminum; bullet,51.5411923590493,5.04446217689176,NL,22/04/2021
12221980,fastfood; saucecup; plastic; mcdonalds,51.5411252138835,5.04446387976479,NL,22/04/2021
12221979,beer; can; aluminum; bavaria,51.5408691923518,5.04412890878101,NL,22/04/2021
12221978,beer; can; aluminum; hertogjan,51.54136022024,5.04356836991714,NL,22/04/2021
12221977,candy; wrapper; plastic,51.5415693555663,5.04537018991254,NL,22/04/2021
12221976,energydrink; can; aluminum; redbull,51.5415666859884,5.04548234079768,NL,22/04/2021
12221975,soda; aluminum; can; roots,51.5416273997992,5.04561117985375,NL,22/04/2021
12221968,foodunknown; wrapper; plastic,51.5414804166288,5.04594967709099,NL,22/04/2021
12221967,energydrink; can; aluminum; redbull,51.5413669250676,5.0461937742878,NL,22/04/2021
12221966,paper,51.5418456814633,5.04530905532152,NL,22/04/2021
12221965,soda; can; aluminum; fanta,51.541300995343,5.04610498476788,NL,22/04/2021
12221958,soda; bottle; plastic; pepsi,51.5413051228571,5.04611213555211,NL,22/04/2021
12221957,fastfood; cashreceipt; paper; macdonalds,51.5413565695138,5.04609038046262,NL,22/04/2021
12221956,smoking; lighter; plastic,51.5415858910708,5.04582234653557,NL,22/04/2021
12221950,beer; can; aluminum; bavaria,51.5418797081371,5.0454428356173,NL,22/04/2021
12221949,fastfood; bag; paper; macdonalds,51.5413349322197,5.04603460836384,NL,22/04/2021
12221948,fastfood; tissue; paper; macdonalds,51.5415981933838,5.04607846052589,NL,22/04/2021
12221947,paper; bag; fastfood; macdonalds,51.5414250093065,5.04595379262632,NL,22/04/2021
12221946,paper; tissue,51.5412381848468,5.04599843093713,NL,22/04/2021
12221945,fastfood; bag; paper; macdonalds,51.5413063646847,5.04614472509915,NL,22/04/2021
12221944,fastfood; cashreceipt; paper; macdonalds,51.5413306024204,5.04608968556831,NL,22/04/2021
12221943,beermix; can; aluminum; desperados,51.5413614036559,5.04600700049734,NL,22/04/2021
12221942,beer; can; aluminum; bavaria,51.5413315918699,5.04605067600753,NL,22/04/2021
12221941,candy; wrapper; plastic; milka,51.5412381848468,5.04599843093713,NL,22/04/2021
12221940,energydrink; can; aluminum; fuerza,51.5413194059117,5.04610867434978,NL,22/04/2021
12221939,juice; juicebox; plastic,51.5415615949656,5.04581050721003,NL,22/04/2021
12221938,fastfood; bag; paper; macdonalds,51.5412381848468,5.04599843093713,NL,22/04/2021
12221937,beermix; can; aluminum; desperados,51.5413496020401,5.04602322469192,NL,22/04/2021
12221936,fastfood; bag; paper; macdonalds,51.5416642031514,5.04565513653454,NL,22/04/2021
12221935,packagingmaterial; largepiece; plastic; unknown,51.541407515442,5.04596341412597,NL,22/04/2021
12221934,energydrink; can; aluminum; fuerza,51.5416419644263,5.04570813777694,NL,22/04/2021
12221933,soda; bottle; plastic; jumbo,51.5414250083833,5.04580100473157,NL,22/04/2021
12221932,fastfood; tissue; paper; macdonalds,51.5414228994131,5.04566135030292,NL,22/04/2021
12221930,juice; bottle; plastic; jumbo,51.5417752358922,5.04559289506107,NL,22/04/2021
12221929,drink; cup; paper; douwe egberts,51.5416027270663,5.04604085177003,NL,22/04/2021
12221928,soda; bottle; plastic; icetea,51.5417534303495,5.04555663180113,NL,22/04/2021
12221926,fastfood; straw; lid; plastic,51.5414257628468,5.04546979626638,NL,22/04/2021
12221925,soda; bottle; plastic; icetea,51.5413461690403,5.04608855798096,NL,22/04/2021
12221924,fastfood; friesholder; macdonalds; paper; wrapper,51.5413376825405,5.04612097020154,NL,22/04/2021
12221923,fastfood; cup; paper; macdonalds,51.5412393072646,5.04596423528459,NL,22/04/2021
12221922,soda; can; aluminum; pepsi,51.5412771626879,5.04612227887896,NL,22/04/2021
12221921,smoking; cigarettebox; paper; marlboro,51.5416744759473,5.04597640105569,NL,22/04/2021
12221920,fastfood; cup; paper; macdonalds,51.5416075308185,5.04603882146361,NL,22/04/2021
12221919,fastfood; cup; paper; mcdonalds; plastic; lid,51.5413648378217,5.04607711971453,NL,22/04/2021
12221918,fastfood; friesholder; paper; macdonalds,51.5417812385484,5.04515092433735,NL,22/04/2021
12221917,beer; can; aluminum; amstel,51.5416418803238,5.04588448545668,NL,22/04/2021
12221916,fastfood; burgerbox; paper; macdonalds,51.5417767892792,5.04556511530549,NL,22/04/2021
12221915,fastfood; burgerbox; paper; macdonalds,51.5413763726881,5.04602452097107,NL,22/04/2021
12221914,fastfood; bottle; plastic; macdonalds,51.5413287074464,5.04600093838,NL,22/04/2021
12221913,fastfood; spoon; plastic; macdonalds,51.5413145743579,5.04596546904319,NL,22/04/2021
12221912,fastfood; cup; paper; macdonalds,51.5413198352945,5.04598130196184,NL,22/04/2021
12221911,fastfood; saucecup; plastic; macdonalds,51.541336486336,5.04593218729237,NL,22/04/2021
12221910,fastfood; straw; plastic; macdonalds,51.5413079100745,5.04597198125162,NL,22/04/2021
12221909,fastfood; burgerbox; paper; macdonalds,51.5413598834356,5.04594233384795,NL,22/04/2021
12078726,bag; plastic,51.5796601999008,5.03981199260974,NL,18/04/2021
12078725,bottle; plastic,51.5797521221,5.03994290717416,NL,18/04/2021
12078625,bag; plastic,51.5795522137094,5.04002245143525,NL,18/04/2021
12054683,plastic; plasticbag for drugs; gripsealbag; medium piece; weedbag,51.5693272,5.0864255,NL,17/04/2021
12054682,bolletje; plastic; koekjesverpakking,51.5693272,5.0864255,NL,17/04/2021
12000243,wilhelmina; verpakkingsmateriaal; pepermunt; paper,51.5683353,5.0888561,NL,16/04/2021
11999877,wilhelmina; doosje; verpakkingsmateriaal; pepermunt; paper,51.5682782,5.0891212,NL,16/04/2021
11999876,hurryup; snoepverpakking; plastic,51.5683044,5.0888792,NL,16/04/2021
11999874,can; heineken; metal,51.5682782,5.0891212,NL,16/04/2021
11999873,metal; aluminium; blik; redbull,51.5683075,5.0889429,NL,16/04/2021
11973930,paper,51.5405803742394,5.04907128525712,NL,15/04/2021
11973929,soda; can; aluminum; cocacola,51.5404723613955,5.04899251392992,NL,15/04/2021
11973928,can; aluminum; cocacola,51.5403855452609,5.04897731077602,NL,15/04/2021
11973927,fastfood; cup; paper; macdonalds,51.5402548588848,5.04868582210027,NL,15/04/2021
11973926,fastfood; cup; paper; macdonalds,51.5400838147253,5.04883994373307,NL,15/04/2021
11973925,fastfood; cup; paper; macdonalds,51.5401460114481,5.04872099930873,NL,15/04/2021
11973924,fastfood; cup; paper; macdonalds; mcdonalds; papercup,51.5400740205369,5.04861969999068,NL,15/04/2021
11973923,fastfood; cup; paper; mcdonalds,51.5400754881532,5.04861611101003,NL,15/04/2021
11973922,fastfood; cup; paper; macdonalds,51.540058231145,5.04866853693658,NL,15/04/2021
11973921,energydrink; can; aluminum,51.5408594513228,5.04632891284745,NL,15/04/2021
11973920,fastfood; lid; plastic; mcdonalds,51.5386161088409,5.04618373674682,NL,15/04/2021
11973908,paper,51.5379105485771,5.04489432454225,NL,15/04/2021
11973907,fastfood; lid; plastic; mcdonalds,51.5373235217942,5.04295692214779,NL,15/04/2021
11973906,fastfood; mcdonalds; cupcomplete; paper,51.5373959090519,5.04307989208565,NL,15/04/2021
11973904,fastfood; cap; plastic; mcdonalds,51.5372793709219,5.04305388129822,NL,15/04/2021
11973903,soda; can; aluminum; royal club,51.5370243909898,5.04177053791353,NL,15/04/2021
11973902,fastfood; foodtray; paper; mcdonalds,51.5372771458756,5.04211054608185,NL,15/04/2021
11973901,fastfood; paper; mcdonalds,51.5373076645257,5.04230922228121,NL,15/04/2021
11973900,fastfood; cup; paper; mcdonalds,51.5373492847649,5.0423172070526,NL,15/04/2021
11973899,fastfood; wrapper; paper; macdonalds,51.5365264950018,5.04111802415439,NL,15/04/2021
11973898,fastfood; wrapper; paper; macdonalds wrapper,51.5364590263362,5.04115110564724,NL,15/04/2021
11973897,fastfood; napkin; paper; macdonalds,51.5365767626614,5.0410996619681,NL,15/04/2021
11973896,fastfood; cup; paper; mcdonalds,51.5364689282797,5.04113640110228,NL,15/04/2021
11973895,fastfood; tissue; paper; macdonalds,51.5366349438696,5.04115396234182,NL,15/04/2021
11973894,fastfood; bag; paper; mcdonalds,51.5368802052564,5.04132590314537,NL,15/04/2021
11973893,fastfood; burgerbox; paper; mcdonalds,51.5366366398426,5.04117092325713,NL,15/04/2021
11973892,fastfood; paper; mcdonalds,51.5366178115144,5.04117803532498,NL,15/04/2021
11973891,fastfood; paper; mcdonalds; cupcomplete,51.536514364641,5.04104019870526,NL,15/04/2021
11973890,paper; wrapper,51.5368899863484,5.04078565390861,NL,15/04/2021
11973889,cigarettebox; smoking; paper,51.5372907431649,5.04076968866423,NL,15/04/2021
11973888,paper,51.5366053641967,5.04078969138158,NL,15/04/2021
11973887,beer; can; aluminum; bavaria,51.5404874612481,5.04201991734098,NL,15/04/2021
11973886,fastfood; container; plastic,51.5411585962336,5.04234000267409,NL,15/04/2021
11973885,fastfood; lid; plastic,51.5404263610218,5.04278286144241,NL,15/04/2021
11973884,paper; cashreceipt,51.5359618468237,5.0401753265162,NL,15/04/2021
11973883,energy drink; can; aluminum,51.5355262166658,5.03958112836396,NL,15/04/2021
11973882,fastfood; straw; plastic; macdonalds,51.5341454168803,5.03771869147443,NL,15/04/2021
11973881,fastfood; cup; paper; mcdonalds,51.5342468237773,5.03837211707082,NL,15/04/2021
11973880,beer; can; aluminum; dommelsch,51.5341509960699,5.03780130196219,NL,15/04/2021
11973879,fastfood; saucecup; plastic; macdonalds,51.5343504965299,5.03841051468804,NL,15/04/2021
11973878,fastfood; cup; paper; mcdonalds,51.5338524070493,5.03733659200252,NL,15/04/2021
11973877,soda; can; aluminum; fanta,51.5338845045212,5.03728095589681,NL,15/04/2021
11973876,energydrink; can; aluminium,51.537325888883,5.03268633091328,NL,15/04/2021
11973875,beer; can; aluminum; jupiler,51.5402714305477,5.04201941486081,NL,15/04/2021
11973874,soda; can; aluminum; cocacola,51.5402054996073,5.04135618141488,NL,15/04/2021
11973873,soda; can; aluminium; fanta,51.5367414510137,5.03330157299336,NL,15/04/2021
11973872,beer; can; aluminum; bavaria 8.6,51.540920057711,5.04490816432014,NL,15/04/2021
11953665,coca cola; can; aluminum; drink,51.5695055,5.089261,NL,14/04/2021
11953661,fanta can; metal; aluminium,51.5686964,5.0903733,NL,14/04/2021
11869790,plastic,51.5560772,5.1080375,NL,11/04/2021
11869782,plastic,51.5552569,5.1066541,NL,11/04/2021
11869767,paper,51.5552313,5.1053207,NL,11/04/2021
11869766,plastic,51.5552357,5.1053876,NL,11/04/2021
11869765,plastic,51.5552121,5.105422,NL,11/04/2021
11869764,plastic,51.5552213,5.1053594,NL,11/04/2021
11869763,paper,51.5552457,5.1054565,NL,11/04/2021
11869757,plastic,51.5551912,5.1055101,NL,11/04/2021
11869746,plastic,51.5554921,5.1065612,NL,11/04/2021
11869744,plastic,51.5552566,5.1061651,NL,11/04/2021
11869733,plastic,51.5555055,5.1065792,NL,11/04/2021
11869732,plastic; cigarette,51.5554919,5.1065684,NL,11/04/2021
11869731,plastic,51.5555066,5.1066145,NL,11/04/2021
11869730,plastic,51.555541,5.1065896,NL,11/04/2021
11869721,paper,51.5557011,5.1066409,NL,11/04/2021
11869719,paper,51.5555675,5.1067539,NL,11/04/2021
11869712,plastic,51.5555177,5.107082,NL,11/04/2021
11869711,plastic,51.5556764,5.1068446,NL,11/04/2021
11869702,plastic,51.5557979,5.1077017,NL,11/04/2021
11869701,plastic,51.5569375,5.1101669,NL,11/04/2021
11869700,plastic,51.5578088,5.1112561,NL,11/04/2021
11869699,plastic,51.5582897,5.1103977,NL,11/04/2021
11869698,plastic,51.5555736,5.1070382,NL,11/04/2021
11869692,plastic,51.5555443,5.1070691,NL,11/04/2021
11869687,plastic,51.5565583,5.1096485,NL,11/04/2021
11869686,plastic,51.5557979,5.1077017,NL,11/04/2021
11869683,plastic,51.5568248,5.1100626,NL,11/04/2021
11836350,paper; piece,51.5558081,5.107519,NL,10/04/2021
11836341,plastic,51.5559665,5.107964,NL,10/04/2021
11836340,plastic,51.5559639,5.1079774,NL,10/04/2021
11836338,paper,51.5559013,5.1078321,NL,10/04/2021
11836330,paper,51.5560975,5.1079672,NL,10/04/2021
11836322,metal,51.5560585,5.1080599,NL,10/04/2021
11836321,plastic; straw,51.5559749,5.1081678,NL,10/04/2021
11836317,plastic,51.5561518,5.108255,NL,10/04/2021
11836303,metal; treklipje,51.5561968,5.1087632,NL,10/04/2021
11836301,bottlecap; cocacola; metal,51.5562845,5.108764,NL,10/04/2021
11836300,metal; afsluitclip,51.5562274,5.1087626,NL,10/04/2021
11836288,metal,51.5564053,5.1090435,NL,10/04/2021
11836284,paper,51.5563505,5.1090758,NL,10/04/2021
11836280,plastic,51.5564473,5.1093275,NL,10/04/2021
11836277,plastic,51.5564787,5.10935,NL,10/04/2021
11836273,paper,51.5564813,5.1095561,NL,10/04/2021
11836271,plastic,51.5564919,5.1095735,NL,10/04/2021
11836270,plastic,51.5565039,5.1095475,NL,10/04/2021
11836267,wrapper,51.5564943,5.1095305,NL,10/04/2021
11836266,paper,51.5564863,5.1095417,NL,10/04/2021
11836265,wrapper,51.5564901,5.1095304,NL,10/04/2021
11836262,wrapper; plastic,51.5564704,5.1095145,NL,10/04/2021
11836260,plastic,51.5564831,5.1095238,NL,10/04/2021
11836257,plastic,51.5568884,5.1098096,NL,10/04/2021
11836256,can; metal; energydrink,51.5567607,5.1100524,NL,10/04/2021
11836254,paper,51.5565023,5.1107191,NL,10/04/2021
11836247,paper,51.5578188,5.1112312,NL,10/04/2021
11836246,plastic,51.5565978,5.1112167,NL,10/04/2021
11836245,piece; paper,51.5584139,5.1098938,NL,10/04/2021
11836243,plastic,51.5566377,5.1112344,NL,10/04/2021
11836240,paper,51.5578562,5.1112789,NL,10/04/2021
11811504,aluminum; beer; can; hertogjan,51.5413068634817,5.04250740419174,NL,09/04/2021
11811503,aluminum; can,51.543086251567,5.04787063474786,NL,09/04/2021
11811502,wrapper,51.5426769616447,5.03869613397679,NL,09/04/2021
11811500,paper; cup,51.5421847255063,5.03842670266568,NL,09/04/2021
11811499,beer; can; aluminum,51.5409848575467,5.04420652153147,NL,09/04/2021
11811498,aluminum; can,51.5407628829545,5.04461941622633,NL,09/04/2021
11811497,wrapper; candy,51.541772906808,5.03738192015762,NL,09/04/2021
11811494,plastic; mcdonalds,51.5408241254843,5.04178132798372,NL,09/04/2021
11811493,can; aluminum,51.5408820269897,5.04200681781513,NL,09/04/2021
11811492,plastic; waterbottle,51.5408929159559,5.04243235015695,NL,09/04/2021
11811491,can; aluminum,51.5409680239991,5.04175964954581,NL,09/04/2021
11811490,licenseplate; metal,51.5409744521748,5.04187290933486,NL,09/04/2021
11811489,aluminum; can; beer; hertogjan,51.5410747297207,5.04296539518174,NL,09/04/2021
11811488,aluminum; can; cocacola; soda,51.5409637113839,5.04175033131963,NL,09/04/2021
11811487,aluminum; beer; can; hertogjan,51.541232932839,5.04275234285669,NL,09/04/2021
11786867,can; aluminum; beer; dommelsch,51.540067832239,5.04651245134113,NL,08/04/2021
11786866,paper; cup; mcdonalds,51.5399549671213,5.04662642486116,NL,08/04/2021
11786865,redbull; can; metal; aluminum,51.54003091105,5.04643831907473,NL,08/04/2021
11786864,can; metal,51.5405630857631,5.04608292446719,NL,08/04/2021
11786863,can; redbull; energydrink; aluminum,51.5405648763758,5.04644759782929,NL,08/04/2021
11786861,plastic; bottle; drink,51.5411472694438,5.04892688118274,NL,08/04/2021
11786860,can; beer; aluminum,51.5406813340679,5.04636343727325,NL,08/04/2021
11786859,energydrink; can; aluminum,51.5399289990133,5.04768339520787,NL,08/04/2021
11786858,aluminum; can; metal; energydrink,51.5374408586037,5.04361250694786,NL,08/04/2021
11786856,aluminum; metal; can; redbull; energydrink,51.5374526348813,5.04366203463396,NL,08/04/2021
11786855,fastfood; saucecup; plastic; macdonalds,51.536812857258,5.04214424076965,NL,08/04/2021
11786854,fastfood; saucecup; plastic; macdonalds,51.536812857258,5.04214424076965,NL,08/04/2021
11786853,plastic; fastfood; lid; macdonalds,51.5372764808174,5.0420553857677,NL,08/04/2021
11786852,plastic; fastfood; saucecup; macdonalds,51.5364670327693,5.04143933149754,NL,08/04/2021
11786851,paper; tissue,51.5366125207161,5.04132987651855,NL,08/04/2021
11786850,plastic; straw; fastfood; macdonalds wrapper,51.5366251978426,5.04130860303021,NL,08/04/2021
11786849,mcdonalds; cup; paper; fastfood,51.5368690201992,5.04150833996905,NL,08/04/2021
11786848,paper,51.5369689159542,5.04079117684137,NL,08/04/2021
11786847,paper; mcdonalds,51.5360692747273,5.04045802305905,NL,08/04/2021
11786846,aluminum; can,51.5366022353679,5.04046258971511,NL,08/04/2021
11786845,plastic; cap,51.5357616151165,5.03997269700313,NL,08/04/2021
11786844,mcdonalds; plastic; straw; lid,51.5348549526898,5.03832458672814,NL,08/04/2021
11786843,plastic; cup; mcdonalds,51.5348549526898,5.03832458672814,NL,08/04/2021
11786842,cocacola; can; aluminum,51.5367735818826,5.03328753896808,NL,08/04/2021
11786840,plastic; bottle,51.5368687039386,5.03303175680475,NL,08/04/2021
11786839,plastic; spoon; mcdonalds,51.5348657283599,5.03888145059771,NL,08/04/2021
11786838,plastic; cup; mcdonalds,51.534345516806,5.0387022369968,NL,08/04/2021
11786837,paper; mcdonalds,51.5348001564461,5.03868617686468,NL,08/04/2021
11786836,paper; plastic,51.5348036308171,5.03868875918779,NL,08/04/2021
11786835,paper; cup; mcdonalds,51.5347895023978,5.03865542238511,NL,08/04/2021
11786832,plasticbottle; plastic; bottle,51.5342535879032,5.03846194183202,NL,08/04/2021
11786831,aluminum; can,51.5343619313903,5.03805151676168,NL,08/04/2021
11786830,metal; redbull; can; aluminum,51.534912588832,5.03512970241179,NL,08/04/2021
11786829,mcdonalds; cup,51.5372800521414,5.03290064786723,NL,08/04/2021
11786828,aluminum; metal; can,51.5342548274264,5.0379447124399,NL,08/04/2021
11743878,can,51.5637673,5.0847785,NL,05/04/2021
11743868,plastic,51.563796,5.0847904,NL,05/04/2021
11743866,can,51.5638369,5.0847928,NL,05/04/2021
11743865,plastic,51.5638,5.0847896,NL,05/04/2021
11743862,can; bottle; plastic,51.5638244,5.0847918,NL,05/04/2021
11743858,can,51.5638244,5.0847918,NL,05/04/2021
11743852,bottlecap; metal,51.563829,5.0848135,NL,05/04/2021
11743851,plastic,51.5638245,5.0848314,NL,05/04/2021
11743842,mondkapje; plastic; paper,51.563819,5.0849031,NL,05/04/2021
11743841,cigarette; plastic; can,51.5637903,5.0849203,NL,05/04/2021
11743839,plastic; cans; trash,51.5638177,5.0849127,NL,05/04/2021
11743838,cocacola; can; aluminum; drink; metal; plastic,51.563778,5.0848954,NL,05/04/2021
11743833,plastic,51.5638157,5.0849157,NL,05/04/2021
11743832,aluminum; can,51.563778,5.0849031,NL,05/04/2021
11743830,plastic box; plastic; shop; car; paper,51.5638103,5.0849216,NL,05/04/2021
11743829,metal; can; aluminum; plastic; wrapper,51.563779,5.0848975,NL,05/04/2021
11743824,aluminum; plastic,51.5637903,5.0849203,NL,05/04/2021
11743823,can; metal; plastic,51.5638008,5.0849247,NL,05/04/2021
11743822,plastic; wrapper; bag,51.563778,5.0848954,NL,05/04/2021
11743821,plastic; paper; straw,51.5638103,5.0849216,NL,05/04/2021
11743820,plastic; can; paper,51.563778,5.0849031,NL,05/04/2021
11743815,aluminum; drink; energydrink; plastic; redbull,51.5637863,5.0849252,NL,05/04/2021
11743814,can; bottle; metal,51.5637858,5.0848992,NL,05/04/2021
11743812,metal; can,51.5637742,5.0849286,NL,05/04/2021
11743811,fristi; energydrink; metal; can; redbull,51.5637858,5.0848992,NL,05/04/2021
11743808,plastic,51.5637854,5.0848555,NL,05/04/2021
11743805,aluminum; paper; mondkapje,51.5637742,5.0849286,NL,05/04/2021
11743798,can; plastic,51.563778,5.0849211,NL,05/04/2021
11743795,plastic; vuuraansteker,51.5637736,5.0849171,NL,05/04/2021
11743794,can; aluminum,51.5637858,5.0848159,NL,05/04/2021
11677172,plastic; plasticvisbakje,51.564629,5.085169,NL,03/04/2021
11677166,wrapper,51.5645474,5.0842227,NL,03/04/2021
11677165,can; biercan,51.5660597,5.0838592,NL,03/04/2021
11677162,plastic,51.5661261,5.0848779,NL,03/04/2021
11677159,wrapper,51.5645783,5.084183,NL,03/04/2021
11677158,paper,51.5645413,5.0842326,NL,03/04/2021
11677155,plastic,51.564065,5.0845366,NL,03/04/2021
11677154,paper,51.5645679,5.0842387,NL,03/04/2021
11677153,plastic,51.5638622,5.0846141,NL,03/04/2021
11677152,plastic,51.5638492,5.0846572,NL,03/04/2021
11677150,plastic,51.5637888,5.0846486,NL,03/04/2021
11677148,plastic,51.563907,5.0848407,NL,03/04/2021
11677147,plastic,51.5643761,5.0844385,NL,03/04/2021
11677146,plastic,51.5643903,5.0844212,NL,03/04/2021
11677145,plastic,51.5643942,5.0844295,NL,03/04/2021
11677142,plastic,51.5637888,5.0846486,NL,03/04/2021
11677141,plastic,51.563907,5.0848407,NL,03/04/2021
11677140,plastic,51.5637276,5.0843097,NL,03/04/2021
11677139,plastic,51.563789,5.0846427,NL,03/04/2021
11677137,plastic; bag; breadbag,51.5637198,5.0843651,NL,03/04/2021
11677136,plastic,51.5637252,5.0843201,NL,03/04/2021
11677135,plastic; wrapper,51.5637252,5.0843201,NL,03/04/2021
11677133,wrapper; plastic; paper,51.5637131,5.0843144,NL,03/04/2021
11677130,plastic; wrapper,51.5637276,5.0843097,NL,03/04/2021
11677128,plastic; wrapper,51.5637252,5.0843201,NL,03/04/2021
11677126,plastic; wrapper; lollipop,51.5637098,5.0846113,NL,03/04/2021
11606703,blik; can; energydrink; redbull; metal; aluminum,51.5410502800397,5.0419505107814,NL,01/04/2021
11606702,wrapper,51.5394840465306,5.03357099621421,NL,01/04/2021
11606701,beer; can; metal,51.5404503142252,5.03529010647142,NL,01/04/2021
11606700,straw; plastic,51.5394840465306,5.03357099621421,NL,01/04/2021
11606699,mcdonalds; drink; cup,51.5394840465306,5.03357099621421,NL,01/04/2021
11606698,plastic; mcdonalds; cap,51.5394840465306,5.03357099621421,NL,01/04/2021
11606696,paper,51.5394668872401,5.03367833865595,NL,01/04/2021
11606694,paper; tissue,51.5394384065991,5.03387185054042,NL,01/04/2021
11606693,can; metal; redbull,51.539458541542,5.03395858955627,NL,01/04/2021
11606692,paper; tissue,51.5393983035471,5.03492885479047,NL,01/04/2021
11606691,mcdonalds; paper; wrapper,51.5395837248132,5.03449011821427,NL,01/04/2021
11606690,plastic; cap,51.5394370292029,5.03479521394416,NL,01/04/2021
11606689,mcdonalds; paper; wrapper,51.5394370292029,5.03479521394417,NL,01/04/2021
11606686,plastic; bag,51.539494224435,5.03527035571369,NL,01/04/2021
11606684,mcdonalds; cup,51.5379734292473,5.03783518375736,NL,01/04/2021
11606683,plastic; cup; mcdonalds,51.5377600285434,5.03778134588971,NL,01/04/2021
11606682,plastic,51.5372148841807,5.03842745984507,NL,01/04/2021
11606680,plastic; straw,51.5368491661407,5.03893191226475,NL,01/04/2021
11606679,mcdonalds; cup; paper,51.5371675860159,5.0384115847473,NL,01/04/2021
11606677,paper; bag; mcdonalds,51.5369952899712,5.03871448211882,NL,01/04/2021
11606675,plastic; wrapper,51.5371497520776,5.03922160613541,NL,01/04/2021
11606673,wrapper; plastic,51.5369764507405,5.03876051878922,NL,01/04/2021
11606672,cardboard; wrapper,51.5369848646554,5.03877124541705,NL,01/04/2021
11606669,drink; can; lipton,51.5366239157667,5.03914771827909,NL,01/04/2021
11606668,mcdonalds; cup; plastic,51.5367242970473,5.03920808681404,NL,01/04/2021
11606665,plastic; wrapper,51.536292961878,5.04011845069197,NL,01/04/2021
11606664,plastic; mcdonalds; cutlery; spoon,51.5363223152202,5.04020306066221,NL,01/04/2021
11606663,plastic,51.5369259055736,5.04051907602277,NL,01/04/2021
11606662,plastic; cup,51.5363577021469,5.04044322840414,NL,01/04/2021
11606660,aluminum; can; energy,51.5366564078182,5.04124370735933,NL,01/04/2021
11606656,paper; wrapper; mcdonalds,51.5369159920031,5.04109766335119,NL,01/04/2021
11606655,plastic; wrapper,51.5374302327538,5.04138101039935,NL,01/04/2021
11606654,straw; plastic; lid,51.5367325847342,5.04105462815224,NL,01/04/2021
11606653,paper; cup,51.5368934903199,5.04177333740338,NL,01/04/2021
11606652,plastic; straw; mcdonalds,51.5369150800624,5.04153830371837,NL,01/04/2021
11606651,plastic; spoon,51.5369929654016,5.0418997124858,NL,01/04/2021
11606650,mcdonalds; paper; bag,51.537137696377,5.04188347771479,NL,01/04/2021
11606649,plastic; drink; bottle; energydrink,51.5373154268003,5.04226378874255,NL,01/04/2021
11606648,plastic; wrapper,51.5368605244415,5.04190665393232,NL,01/04/2021
11606647,paper; tissue,51.5371931624296,5.04254999006458,NL,01/04/2021
11606646,plastic; straw,51.5373102558751,5.04230272298335,NL,01/04/2021
11606645,paper; tissue,51.5371627767715,5.04237303810396,NL,01/04/2021
11606644,plastic; cup,51.5372526896064,5.04245328188889,NL,01/04/2021
11606643,paper; wrapper; mcdonalds,51.53729395197,5.04214754230059,NL,01/04/2021
11606642,plastic; cup,51.5369739212782,5.04238019172125,NL,01/04/2021
11606641,plastic; lid; mcdonalds,51.5369544987594,5.04230977846606,NL,01/04/2021
11606640,mcdonalds; bag; paper; fastfood,51.5369811137226,5.04237130530187,NL,01/04/2021
11606639,mcdonalds; paper; box; fastfood,51.536956300412,5.0423919120183,NL,01/04/2021
11606638,paper; tray; mcdonalds; fastfood,51.5369595752413,5.04234483516554,NL,01/04/2021
11606637,plastic; fastfood; saucecup; macdonalds,51.5369898174404,5.04238910015455,NL,01/04/2021
11606636,paper,51.5369789352337,5.04232968959697,NL,01/04/2021
11606635,paper; cashreceipt,51.5370404565584,5.04234528794366,NL,01/04/2021
11606634,paper; tray; fastfood; macdonalds,51.5371265469056,5.04229115879891,NL,01/04/2021
11606633,plastic; fastfood; saucecup; macdonalds,51.5371708896992,5.04242292333535,NL,01/04/2021
11606632,paper,51.5371708896992,5.04242292333535,NL,01/04/2021
11606631,mcdonalds; plastic; spoon; fastfood,51.5374907700357,5.04284265982549,NL,01/04/2021
11606630,mcdonalds; fastfood; cup; paper,51.5373859899502,5.04321594581754,NL,01/04/2021
11606629,aluminum; redbull; can; energydrink,51.5373467598988,5.04252415280313,NL,01/04/2021
11606628,plastic; bottlecap,51.5371898772544,5.04231797213738,NL,01/04/2021
11606627,aluminum; can; cocacola; soda,51.5375633020359,5.04376364040877,NL,01/04/2021
11606626,mcdonalds; plastic; wrapper,51.5374245645401,5.04346167602337,NL,01/04/2021
11606625,plastic; straw,51.5376365928137,5.04404864062425,NL,01/04/2021
11606624,mcdonalds; paper; cup; fastfood,51.5379796432012,5.0440386847539,NL,01/04/2021
11606623,aluminum; energydrink; redbull; can,51.5379398800749,5.044014174902,NL,01/04/2021
11606621,plastic; yoghurt; drinkpouch; breaker,51.5379245830943,5.04410421384059,NL,01/04/2021
11606620,plastic; fastfood; saucecup; macdonalds,51.5376397172178,5.04416949571248,NL,01/04/2021
11606619,plastic; straw; fastfood; macdonalds,51.5377727967849,5.04422917439776,NL,01/04/2021
11606618,mcdonalds; drink; cup; plastic; lid; fastfood,51.5376508217406,5.04426281469794,NL,01/04/2021
11606617,paper; bag; mcdonalds; fastfood,51.5379729405243,5.04474703246479,NL,01/04/2021
11606616,mcdonalds; paper; burgerbox; fastfood,51.5377153612507,5.04413146367337,NL,01/04/2021
11606615,paper; wrapper; fastfood; macdonalds,51.5380378051648,5.04492184095245,NL,01/04/2021
11606614,paper; tissue,51.538047884026,5.04501615713389,NL,01/04/2021
11606613,cocacola; aluminum; can; soda,51.5382138145754,5.04518419891776,NL,01/04/2021
11606612,paper; tissue,51.5382202231382,5.04542470024071,NL,01/04/2021
11606611,paper; tissue,51.5384239074382,5.04563139435571,NL,01/04/2021
11606610,mcdonalds; bag; paper; fastfood,51.5382805073928,5.04543954034276,NL,01/04/2021
11606608,bottle; lipton; plastic,51.5408867182185,5.04658954381308,NL,01/04/2021
11606606,mcdonalds; lid; plastic; straw,51.5385502691736,5.04583680981506,NL,01/04/2021
11606605,paper; mcdonalds; wrapper,51.5386091336064,5.04590512757028,NL,01/04/2021
11606604,mcdonalds; drink; cup; straw; plastic; fastfood,51.5385332554372,5.04692830113777,NL,01/04/2021
11606603,mcdonalds; plastic; straw; paper; cup; lid; fastfood,51.5386200337341,5.04698878725739,NL,01/04/2021
11606601,plastic; straw; fastfood; macdonalds,51.538949128433,5.0474185119307,NL,01/04/2021
11606600,paper; tissue,51.5394195528194,5.04760055672238,NL,01/04/2021
11606599,plastic; mcdonalds; saucecup; fastfood,51.5393758471146,5.04760452716507,NL,01/04/2021
11606598,mcdonalds; paper; tray; fastfood,51.5392222051771,5.04736626549816,NL,01/04/2021
11606597,mcdonalds; paper; cup; fastfood,51.5409565971759,5.04653782888712,NL,01/04/2021
11606595,paper; tissue,51.5394125418599,5.04691548284315,NL,01/04/2021
11606594,plastic; straw; fastfood; lid,51.5408047407791,5.04630670022328,NL,01/04/2021
11605014,aluminum; can; beer; brand,51.5405860070748,5.04626197050062,NL,01/04/2021
11605011,bottle; glass,51.5405785900763,5.04619109757899,NL,01/04/2021
11605007,plastic; cup,51.5398282673997,5.04718846356608,NL,01/04/2021
11447251,aluminum; can; jumbo; drink,51.5696919,5.0888172,NL,23/03/2021
11447250,plastic; wrapper,51.5698951,5.0885579,NL,23/03/2021
11447248,weedbag; plastic,51.5697255,5.0888681,NL,23/03/2021
11447247,foodtray; plastic; black,51.5699295,5.0885166,NL,23/03/2021
11447242,metal; vandalism; bikelock,51.5697058,5.0888467,NL,23/03/2021
11447241,mondkapje; plastic; paper,51.5697063,5.0888733,NL,23/03/2021
11447240,mcdonalds; paper; bag,51.5693491,5.0894515,NL,23/03/2021
11447238,plastic; dogpoobag,51.5697043,5.0888616,NL,23/03/2021
11447237,alcohol; bacardi; can; aluminum,51.5698578,5.0907356,NL,23/03/2021
11447236,aluminum; can; monster; energydrink,51.5692862,5.0894979,NL,23/03/2021
11447234,mondkapje; plastic; paper; persoonlijkehygiene; plasticcoatedpaper; covidtrash,51.5696685,5.0898524,NL,23/03/2021
11447233,tonyschocolonely; chocolate wrapper; paper; aluminium; medium piece,51.5699246,5.0916163,NL,23/03/2021
11447232,napoleon; candywrapper; plastic,51.5694388,5.0920622,NL,23/03/2021
11447231,mondkapje; paper; plastic; persoonlijkehygiene; plasticcoatedpaper; covidtrash,51.5695464,5.0917601,NL,23/03/2021
11447230,plastic; medium piece; candybag,51.5690069,5.0911217,NL,23/03/2021
11447229,mondkapje; plastic; paper; persoonlijkehygiene; plasticcoatedpaper; covidtrash,51.5696685,5.0898524,NL,23/03/2021
11447225,the bread officer; wrapper; paper; foodwrapper; plastic; bag,51.5683033,5.0905755,NL,23/03/2021
11447224,energy drink; slammers; can,51.5692422,5.0918501,NL,23/03/2021
11447223,bavaria; can; aluminium,51.5681773,5.0907367,NL,23/03/2021
11447222,waterbottle; cristaline; plastic dop; plastic; bottle,51.5693683,5.091851,NL,23/03/2021
11447221,captain morgan; can; aluminium,51.5682939,5.0905946,NL,23/03/2021
11447220,colacan; aluminium; can,51.5686753,5.0912284,NL,23/03/2021
11447219,aluminium; can; can lid,51.5681954,5.0903421,NL,23/03/2021
11447218,captain morgan; can; aluminum; drink,51.5682562,5.0906203,NL,23/03/2021
11447217,aluminum; can; energydrink; energy slammers,51.5680398,5.0912823,NL,23/03/2021
11447216,bottlecap; plastic; drink,51.5681965,5.0903208,NL,23/03/2021
11447214,bavaria; can; aluminium,51.5681937,5.0903354,NL,23/03/2021
11447179,paper; meetpoint; soft drugs; drugwrapper,51.5681098,5.0902452,NL,23/03/2021
11447178,large piece; plastic; unknowncategory,51.5681203,5.090287,NL,23/03/2021
11447176,antaflu; 2018; plastic; candywrapper,51.5680544,5.0898935,NL,23/03/2021
11447175,paper; medium piece,51.5680544,5.0898935,NL,23/03/2021
11447174,metal; buis; large piece; pipe,51.5680267,5.0902012,NL,23/03/2021
11447026,plastic; wrapper; sultana; medium piece,51.5682261,5.0891005,NL,23/03/2021
11447025,cookiewrapper; oreo; medium piece; plastic; milka,51.5682386,5.0891784,NL,23/03/2021
11447024,eru; goudkuipje; plastic; foodpackaging,51.5681543,5.0899012,NL,23/03/2021
11447022,aluminum; can; cocacola,51.5692557,5.0860486,NL,23/03/2021
11442611,can; redbull,51.5688984,5.0862965,NL,23/03/2021
11442608,cup; rietje; milkshakedeksel; plasticcoatedpaper,51.5685566,5.0864465,NL,23/03/2021
11442607,can; redbull,51.5685566,5.0864465,NL,23/03/2021
11442577,plastic; bottlecap,51.5679574,5.0862656,NL,23/03/2021
11442572,can; redbull,51.5679399,5.086199,NL,23/03/2021
11442382,plastic; bottle; plastic dop,51.5694347,5.0843585,NL,23/03/2021
11442381,bier; can; aluminium,51.5694347,5.0843585,NL,23/03/2021
11442376,can; cocacola,51.5694262,5.0843953,NL,23/03/2021
11442371,storck; wrapper,51.5699649,5.084778,NL,23/03/2021
11442366,antaflu; wrapper; candy,51.5700602,5.0853073,NL,23/03/2021
11442361,can; pitt bier,51.6040201,5.0883315,NL,23/03/2021
11437562,golden power; can,51.6040074,5.0883196,NL,22/03/2021
11437557,medium piece; piepschuim; plastic; bouwafval,51.6042509,5.0875668,NL,22/03/2021
11437551,plastic; foodpackaging,51.604255,5.0875256,NL,22/03/2021
11437550,plastic; folie; medium piece,51.6042627,5.0875112,NL,22/03/2021
11437548,medium piece; piepschuim; plastic; bouwafval,51.6042429,5.0873138,NL,22/03/2021
11437543,tiewrap; plastic; medium piece; gereedschap,51.6042705,5.0875185,NL,22/03/2021
11437542,bavaria; can,51.6042018,5.087493,NL,22/03/2021
11437419,piepschuim; plastic; small; medium piece; bouwafval,51.6042357,5.0876119,NL,22/03/2021
11437412,plastic; medium piece,51.6042369,5.0875782,NL,22/03/2021
11437408,kleding kaartje; plastic,51.6042383,5.0875832,NL,22/03/2021
11437370,undefined; plastic; medium piece,51.60424,5.0875589,NL,22/03/2021
11437369,plastic; medium piece; plastic lid,51.604246,5.0875525,NL,22/03/2021
11437361,plastic; landbouwplastic; medium piece,51.6042519,5.0875508,NL,22/03/2021
11437351,plastic; toiletfreshener; holder; huishoudelijke,51.6042238,5.0875107,NL,22/03/2021
11437349,plastic; schuimrubber; medium piece,51.6042187,5.0875467,NL,22/03/2021
11437347,small piece; piepschuim; plastic,51.604302,5.0875378,NL,22/03/2021
11437337,plastic; schuimrubber; medium piece,51.6042383,5.0875572,NL,22/03/2021
11437335,medium piece; piepschuim; plastic; bouwafval,51.604234,5.0875563,NL,22/03/2021
11437325,afzetlint; rood; wit; plastic; medium piece,51.604214,5.0875503,NL,22/03/2021
11437311,rietje; plastic; drink,51.604225,5.0875518,NL,22/03/2021
11437310,plastic; handsinaasappelen; foodpackaging; medium piece,51.6042214,5.0875472,NL,22/03/2021
11437309,verpakkingsmateriaal; plastic; net; handsinaasappelen,51.6042312,5.0875509,NL,22/03/2021
11437307,plastic; netje,51.6042312,5.0875509,NL,22/03/2021
11437291,rietje; plastic; drink,51.6042625,5.0875664,NL,22/03/2021
11437290,speelgoedverpakking; plastic; medium piece,51.6042624,5.0875232,NL,22/03/2021
11437289,small piece; piepschuim; plastic,51.6042567,5.0875757,NL,22/03/2021
11437288,plastic; sealbag; large piece; plastic strip,51.6042284,5.087548,NL,22/03/2021
11437282,antaflu; wrapper,51.604271,5.0875703,NL,22/03/2021
11437272,plastic; snoepverpakking; medium piece,51.6042324,5.0875649,NL,22/03/2021
11437260,verpakkingsmateriaal; plastic; medium piece,51.6042328,5.0875491,NL,22/03/2021
11437253,plastic; plastic netting; medium piece,51.6042114,5.0875426,NL,22/03/2021
11437252,plastic; large piece; vuilniszak,51.6042338,5.0875493,NL,22/03/2021
11437114,desperados; can; beer,51.6042427,5.0875579,NL,22/03/2021
11437113,plastic; large piece; undefinable; plastic folie,51.6041803,5.0875471,NL,22/03/2021
11437111,plastic; verpakking; wrapper; brilpoetsdoekje,51.6040213,5.0879052,NL,22/03/2021
11437109,metal; tuingereedschap; schep,51.603953,5.088063,NL,22/03/2021
11437108,plastic; rietje; drink,51.6039535,5.0880485,NL,22/03/2021
11437107,plastic; wrapper; mueslibar,51.6039742,5.0880233,NL,22/03/2021
11437106,plastic; plastic folie; medium piece,51.6039275,5.0880819,NL,22/03/2021
11437105,medium piece; piepschuim; plastic; bouwafval,51.603967,5.088051,NL,22/03/2021
11437102,plastic; plastic tape; medium piece,51.6039663,5.0880466,NL,22/03/2021
11437101,plastic; plastic tape; medium piece,51.6039508,5.0880577,NL,22/03/2021
11437098,piepschuim; small piece; plastic,51.6039376,5.0880728,NL,22/03/2021
11437097,bottle; glass bottle,51.6039678,5.0880552,NL,22/03/2021
11437088,plastic; rietje,51.6037289,5.0884841,NL,22/03/2021
11437087,plastic; omsnoerband; large piece; polyester; verpakkingsmateriaal,51.6038613,5.0883686,NL,22/03/2021
11437084,plastic; medium piece; plastic band,51.6036536,5.0885369,NL,22/03/2021
11437045,piepschuim; plastic; small piece; bouwafval,51.6037124,5.0884748,NL,22/03/2021
11437043,vuurwerkafval; plastic; hard plastic; medium piece,51.6037222,5.0884706,NL,22/03/2021
11437040,piepschuim; plastic; small piece; bouwafval,51.6037512,5.0884612,NL,22/03/2021
11437025,undefined; plastic; vochtig doekje,51.6039181,5.0882584,NL,22/03/2021
11437016,small piece; piepschuim; plastic,51.6039181,5.0882584,NL,22/03/2021
11437014,plastic; boterhamzakje; plastic folie; medium piece,51.6039416,5.0882492,NL,22/03/2021
11437011,drinkflessluiting; plastic,51.6039001,5.0881777,NL,22/03/2021
11436998,piepschuim; plastic; small piece; bouwafval,51.6037227,5.0885394,NL,22/03/2021
11436992,small piece; piepschuim; plastic,51.6037926,5.0883429,NL,22/03/2021
11436983,amigo; can,51.6037087,5.0885069,NL,22/03/2021
11436974,drinkflessluiting; bottlecapseal; plastic; small piece,51.6038417,5.0883275,NL,22/03/2021
11436969,medium piece; plastic; plastic folie,51.6038351,5.0883116,NL,22/03/2021
11436967,small piece; piepschuim; plastic,51.6037796,5.0883492,NL,22/03/2021
11436957,plastic; plastic folie; medium piece,51.6037907,5.0883043,NL,22/03/2021
11436953,plastic netting; plastic; medium piece; undefined,51.6038599,5.0882923,NL,22/03/2021
11436951,plastic; small piece,51.6038274,5.0883332,NL,22/03/2021
11436946,redbull; can,51.6040884,5.0885128,NL,22/03/2021
11436944,plastic; medium piece; foodwrapper,51.6040687,5.089191,NL,22/03/2021
11436938,plastic; large piece,51.6038837,5.0883794,NL,22/03/2021
11436935,straw; plastic,51.5683852,5.0843414,NL,22/03/2021
11425314,cigarette; paper; plastic,51.564015,5.0775396,NL,20/03/2021
11425313,plastic; albert heijn,51.563947,5.0775672,NL,20/03/2021
11099784,candy; plastic; wrapper,51.5395425186951,5.08996459800858,NL,04/03/2021
11099783,plastic; bottle,51.5393809586389,5.09019986639234,NL,04/03/2021
11099782,plastic,51.5393325341918,5.08948344812211,NL,04/03/2021
11099780,can; metal; lipton; icetea,51.540079226003,5.09126104868984,NL,04/03/2021
11099778,can; metal; aluminum; first; choice,51.5395577977778,5.08937751351738,NL,04/03/2021
11099777,can; aluminum; metal; firstchoice,51.538931601811,5.08943369744245,NL,04/03/2021
11099776,plastic,51.5390084344679,5.0898081274855,NL,04/03/2021
11099775,paper; rollingpaper; rizilla,51.5389583503715,5.08969618361392,NL,04/03/2021
11099773,plastic,51.5383785181093,5.08954776446589,NL,04/03/2021
11099772,paper,51.5381792895228,5.08907905711672,NL,04/03/2021
11099771,paper,51.538410675638,5.08908043466409,NL,04/03/2021
11099770,plastic,51.5399321783824,5.09117983776545,NL,04/03/2021
11099769,plastic,51.538746280943,5.08922070181562,NL,04/03/2021
11070763,paper,51.5401172687667,5.09178585435526,NL,02/03/2021
11070762,plastic,51.5388680442191,5.08922546183678,NL,02/03/2021
11070761,energydrink; can; metal; aluminum,51.5396305763767,5.09011920885633,NL,02/03/2021
11070760,paper,51.5382640093071,5.08874305330837,NL,02/03/2021
11070759,plastic,51.539827413982,5.09117255385199,NL,02/03/2021
11070758,energydrink; metal; redbull; can,51.5387625988198,5.09023272989022,NL,02/03/2021
11070757,energydrink; metal; can,51.5394811457565,5.08961557545645,NL,02/03/2021
11070756,paper,51.5394445460395,5.08983183231679,NL,02/03/2021
11056046,plastic,51.5390215207535,5.08932838007947,NL,01/03/2021
11056045,bottle; plastic,51.5396416240322,5.08985783974422,NL,01/03/2021
11056044,plastic; wrapper,51.5396663169279,5.09037713137664,NL,01/03/2021
11041250,plastic; wrapper,51.5400187374472,5.09066822392474,NL,28/02/2021
11041249,candy; plastic; wrapper,51.5381677796011,5.08863331041602,NL,28/02/2021
11041248,plastic,51.5384817058157,5.08909510546448,NL,28/02/2021
11041247,plastic; drugs,51.5384960209911,5.08922880752577,NL,28/02/2021
11041246,plastic; bottle,51.5384696167431,5.08905711295239,NL,28/02/2021
11041244,paper,51.5396777388209,5.09009515991462,NL,28/02/2021
11041243,plastic; wrapper; drugs,51.538613513868,5.08908180829498,NL,28/02/2021
11041242,plastic; drugs,51.5385843620934,5.08914589739211,NL,28/02/2021
11041241,can; aluminum,51.5398686678827,5.09143334691525,NL,28/02/2021
11041240,plastic,51.5390546914185,5.08920505999841,NL,28/02/2021
11041238,plastic,51.5391731206794,5.08919788096652,NL,28/02/2021
11041237,plastic,51.5392525559692,5.08928462393076,NL,28/02/2021
11041236,metal; can; energydrink; monster,51.5398982868477,5.09003549405275,NL,28/02/2021
11041232,candy; plastic,51.5399162089918,5.09048127263278,NL,28/02/2021
11041231,candy; wrapper,51.539914303694,5.09046614412896,NL,28/02/2021
11041227,plastic; wrapper,51.539491105497,5.0900319994632,NL,28/02/2021
11000352,can; metal,51.5396959210335,5.08962421853083,NL,27/02/2021
11000351,energydrink; can,51.5393281202946,5.09003665138761,NL,27/02/2021
11000350,wicky; paper; wrapper,51.5397790250611,5.0908089322866,NL,27/02/2021
11000349,can; aluminum; metal,51.5387630215391,5.08999056628231,NL,27/02/2021
11000348,plastic,51.5384319400852,5.08878890662517,NL,27/02/2021
11000347,can; metal; soda,51.5385565472467,5.08982187908865,NL,27/02/2021
11000346,metal; can,51.5392405178881,5.08971630964271,NL,27/02/2021
11000345,plastic; wrapper,51.5400363412958,5.09143470408648,NL,27/02/2021
10977318,plastic; bag,51.5390540051075,5.08938298708417,NL,25/02/2021
10977317,plastic,51.5384116063833,5.08959478016318,NL,25/02/2021
10977316,can; energydrink,51.5365027978593,5.09043435428659,NL,25/02/2021
10977315,paper; bag,51.5395643770151,5.0900473008854,NL,25/02/2021
10977314,candy; plastic; wrapper,51.539896636147,5.09097409752822,NL,25/02/2021
10977313,wetwhipe; plastic,51.5401451075094,5.09160977174726,NL,25/02/2021
10962446,bottle; chocomel; plastic,51.5407181741684,5.08192416331742,NL,24/02/2021
10962440,bottle; plastic; spa,51.5405067255159,5.08289477104006,NL,24/02/2021
10962439,candy; plastic; wrapper; skittels,51.5404196775224,5.08498193876563,NL,24/02/2021
10962438,plastic; cap,51.5399356060359,5.08820556125941,NL,24/02/2021
10946830,bottle; plastic,51.539917929408,5.09058692153941,NL,23/02/2021
10672100,can; heineken,51.5391813522381,5.08327972825162,NL,28/01/2021
10672099,wrapper; chips,51.539178041949,5.08294460987319,NL,28/01/2021
10672098,plastic; bag,51.5391479856931,5.08306647836709,NL,28/01/2021
10672097,can; heineken,51.5391667060246,5.0830877540216,NL,28/01/2021
10672096,can; cocacola,51.5391682584534,5.08339338592946,NL,28/01/2021
10672095,wrapper,51.5391572590081,5.08342411696944,NL,28/01/2021
10672094,can; fanta,51.5379914425667,5.08507408766482,NL,28/01/2021
10672093,plastic; lollipop,51.5379335645044,5.08509693384208,NL,28/01/2021
10672092,can; redbull,51.5378320255652,5.08518557137161,NL,28/01/2021
10672091,plastic,51.5391569093163,5.08341498338126,NL,28/01/2021
10672090,can; energydrink,51.53910261497,5.08358519017832,NL,28/01/2021
10672089,can; energy,51.5390825657841,5.0836554241131,NL,28/01/2021
10672088,plastic,51.5390286667945,5.08372805031076,NL,28/01/2021
10672086,plastic,51.5387831575727,5.08427399647698,NL,28/01/2021
10672085,can; jackdaniels,51.5385412804232,5.08462467771044,NL,28/01/2021
10672082,cup,51.5383206662274,5.08488778453637,NL,28/01/2021
10672081,cup,51.5381689322936,5.08500849448995,NL,28/01/2021
10672079,can; plastic,51.5378087654094,5.08520170974978,NL,28/01/2021
10617157,plastic,51.5982352719889,4.98440480958803,NL,23/01/2021
10617156,plastic,51.5972710142199,4.98359536384167,NL,23/01/2021
10543108,can; redbull,51.6043484889552,4.96964383801646,NL,17/01/2021
10543107,paper; mc donalds,51.604351479634,4.96962581240657,NL,17/01/2021
10543106,plastic; bottle; water,51.6043901095048,4.96962463509552,NL,17/01/2021
10543105,aluminum; can; redbull; metal,51.5964112922631,4.98284026057565,NL,17/01/2021
10543104,plastic,51.6043693717132,4.96963219212588,NL,17/01/2021
10543103,plastic; bottle; water,51.6043874875252,4.96961203976117,NL,17/01/2021
10543102,cocacola; bottle; plastic; drink; coke,51.6043914515255,4.96963057644161,NL,17/01/2021
10543101,redbull; paper,51.6043914515255,4.96963057644161,NL,17/01/2021
10543100,bottle; plastic; water; waterbottle; drink,51.6043561687175,4.96969197124089,NL,17/01/2021
10543099,cup; paper; plastic,51.6043798819791,4.96969691241968,NL,17/01/2021
10543098,aadrink; energydrink; bottle; plastic,51.6043834853504,4.96969165912825,NL,17/01/2021
10543097,mcdonalds; cup; paper,51.5964536066785,4.98293731761835,NL,17/01/2021
10543096,plastic; rietje,51.596417321809,4.98288644716027,NL,17/01/2021
10543095,fanta; bottle; plastic,51.6043909823991,4.96967148356581,NL,17/01/2021
10543094,candywrapper; plastic; wrapper,51.6041308940323,4.97130348902531,NL,17/01/2021
10543093,aluminum; can; bavaria; drink; metal,51.6044190045788,4.96964448662839,NL,17/01/2021
10543092,water; plastic; bottle,51.599990100565,4.98082592606576,NL,17/01/2021
10543091,aluminum; can; metal; redbull,51.5997341884406,4.98271982701013,NL,17/01/2021
10543090,redbull; can; drink,51.6041385306336,4.97135086336362,NL,17/01/2021
10543089,can; drink; aluminum; redbull; metal,51.6000771685354,4.98197631759568,NL,17/01/2021
10543088,plastic,51.5983613970059,4.98457670432147,NL,17/01/2021
10543084,plastic,51.5970193246117,4.98343986192663,NL,17/01/2021
10540384,aluminum; can,51.5960311330059,4.9826107123548,NL,17/01/2021
